date,rank,rank_last_week,weeks_on_list,asterisk,dagger,primary_isbn10,primary_isbn13,publisher,description,price,title,author,contributor,contributor_note,book_image,book_image_width,book_image_height,amazon_product_url,age_group,book_review_link,first_chapter_link,sunday_review_link,article_chapter_link,isbns,buy_links,book_uri
2023-09-03,1,2,3,0,0,006332752X,9780063327528,Harper,"Three daughters, who return to their family orchard in the spring of 2020, learn about their mother’s relationship with a famous actor.",0.00,TOM LAKE,Ann Patchett,by Ann Patchett,,https://storage.googleapis.com/du-prd/books/images/9780063327528.jpg,331,500,https://www.amazon.com/dp/006332752X?tag=NYTBSREV-20,,,,,,"[{'isbn10': '006332752X', 'isbn13': '9780063327528'}, {'isbn10': '0063327546', 'isbn13': '9780063327542'}]","[{'name': 'Amazon', 'url': 'https://www.amazon.com/dp/006332752X?tag=NYTBSREV-20'}, {'name': 'Apple Books', 'url': 'https://goto.applebooks.apple/9780063327528?at=10lIEQ'}, {'name': 'Barnes and Noble', 'url': 'https://www.anrdoezrs.net/click-7990613-11819508?url=https%3A%2F%2Fwww.barnesandnoble.com%2Fw%2F%3Fean%3D9780063327528'}, {'name': 'Books-A-Million', 'url': 'https://www.anrdoezrs.net/click-7990613-35140?url=https%3A%2F%2Fwww.booksamillion.com%2Fp%2FTOM%2BLAKE%2FAnn%2BPatchett%2F9780063327528'}, {'name': 'Bookshop', 'url': 'https://bookshop.org/a/3546/9780063327528'}, {'name': 'IndieBound', 'url': 'https://www.indiebound.org/book/9780063327528?aff=NYT'}]",nyt://book/2430a2de-ff8f-5a25-88f8-50bd8137fa92
2023-09-03,2,1,15,0,0,1649374046,9781649374042,Red Tower,"Violet Sorrengail is urged by the commanding general, who also is her mother, to become a candidate for the elite dragon riders.",0.00,FOURTH WING,Rebecca Yarros,by Rebecca Yarros,,https://storage.googleapis.com/du-prd/books/images/9781649374042.jpg,309,500,https://www.amazon.com/dp/1649374046?tag=NYTBSREV-20,,,,,,"[{'isbn10': '1649374046', 'isbn13': '9781649374042'}, {'isbn10': '1649374089', 'isbn13': '9781649374080'}, {'isbn10': '1705085059', 'isbn13': '9781705085059'}, {'isbn10': '1705085032', 'isbn13': '9781705085035'}]","[{'name': 'Amazon', 'url': 'https://www.amazon.com/dp/1649374046?tag=NYTBSREV-20'}, {'name': 'Apple Books', 'url': 'https://goto.applebooks.apple/9781649374042?at=10lIEQ'}, {'name': 'Barnes and Noble', 'url': 'https://www.anrdoezrs.net/click-7990613-11819508?url=https%3A%2F%2Fwww.barnesandnoble.com%2Fw%2F%3Fean%3D9781649374042'}, {'name': 'Books-A-Million', 'url': 'https://www.anrdoezrs.net/click-7990613-35140?url=https%3A%2F%2Fwww.booksamillion.com%2Fp%2FFOURTH%2BWING%2FRebecca%2BYarros%2F9781649374042'}, {'name': 'Bookshop', 'url': 'https://bookshop.org/a/3546/9781649374042'}, {'name': 'IndieBound', 'url': 'https://www.indiebound.org/book/9781649374042?aff=NYT'}]",nyt://book/106c2cf0-7d20-51b1-bad4-91c3ebcd131a
2023-09-03,3,6,67,0,0,038554734X,9780385547345,Doubleday,A scientist and single mother living in California in the 1960s becomes a star on a TV cooking show.,0.00,LESSONS IN CHEMISTRY,Bonnie Garmus,by Bonnie Garmus,,https://storage.googleapis.com/du-prd/books/images/9780385547345.jpg,328,500,https://www.amazon.com/dp/038554734X?tag=NYTBSREV-20,,,,,,"[{'isbn10': '038554734X', 'isbn13': '9780385547345'}, {'isbn10': '0593507533', 'isbn13': '9780593507537'}, {'isbn10': '0385547374', 'isbn13': '9780385547376'}, {'isbn10': '0593862406', 'isbn13': '9780593862407'}]","[{'name': 'Amazon', 'url': 'https://www.amazon.com/dp/038554734X?tag=NYTBSREV-20'}, {'name': 'Apple Books', 'url': 'https://goto.applebooks.apple/9780385547345?at=10lIEQ'}, {'name': 'Barnes and Noble', 'url': 'https://www.anrdoezrs.net/click-7990613-11819508?url=https%3A%2F%2Fwww.barnesandnoble.com%2Fw%2F%3Fean%3D9780385547345'}, {'name': 'Books-A-Million', 'url': 'https://www.anrdoezrs.net/click-7990613-35140?url=https%3A%2F%2Fwww.booksamillion.com%2Fp%2FLESSONS%2BIN%2BCHEMISTRY%2FBonnie%2BGarmus%2F9780385547345'}, {'name': 'Bookshop', 'url': 'https://bookshop.org/a/3546/9780385547345'}, {'name': 'IndieBound', 'url': 'https://www.indiebound.org/book/9780385547345?aff=NYT'}]",nyt://book/717e0ead-9782-567d-af27-d9a6cfb1856f
2023-09-03,4,0,1,0,0,0316404896,9780316404891,"Little, Brown","The Eagles’ starting quarterback is murdered and his wife, a Grammy-winning singer, is the prime suspect.",0.00,LION & LAMB,James Patterson and Duane Swierczynski,by James Patterson and Duane Swierczynski,,https://storage.googleapis.com/du-prd/books/images/9780316404891.jpg,322,500,https://www.amazon.com/dp/0316404896?tag=NYTBSREV-20,,,,,,"[{'isbn10': '0316404896', 'isbn13': '9780316404891'}, {'isbn10': '0316404993', 'isbn13': '9780316404990'}]","[{'name': 'Amazon', 'url': 'https://www.amazon.com/dp/0316404896?tag=NYTBSREV-20'}, {'name': 'Apple Books', 'url': 'https://goto.applebooks.apple/9780316404891?at=10lIEQ'}, {'name': 'Barnes and Noble', 'url': 'https://www.anrdoezrs.net/click-7990613-11819508?url=https%3A%2F%2Fwww.barnesandnoble.com%2Fw%2F%3Fean%3D9780316404891'}, {'name': 'Books-A-Million', 'url': 'https://www.anrdoezrs.net/click-7990613-35140?url=https%3A%2F%2Fwww.booksamillion.com%2Fp%2FLION%2B%2526%2BLAMB%2FJames%2BPatterson%2Band%2BDuane%2BSwierczynski%2F9780316404891'}, {'name': 'Bookshop', 'url': 'https://bookshop.org/a/3546/9780316404891'}, {'name': 'IndieBound', 'url': 'https://www.indiebound.org/book/9780316404891?aff=NYT'}]",nyt://book/abaeff13-c919-5345-9608-3df8831cef98
2023-09-03,5,7,42,0,0,0063251922,9780063251922,Harper,Winner of a 2023 Pulitzer Prize for fiction. A reimagining of Charles Dickens’s “David Copperfield” set in the mountains of southern Appalachia.,0.00,DEMON COPPERHEAD,Barbara Kingsolver,by Barbara Kingsolver,,https://storage.googleapis.com/du-prd/books/images/9780063251922.jpg,329,500,https://www.amazon.com/dp/0063251922?tag=NYTBSREV-20,,,,,,"[{'isbn10': '0063251922', 'isbn13': '9780063251922'}, {'isbn10': '006325199X', 'isbn13': '9780063251991'}, {'isbn10': '0063251981', 'isbn13': '9780063251984'}]","[{'name': 'Amazon', 'url': 'https://www.amazon.com/dp/0063251922?tag=NYTBSREV-20'}, {'name': 'Apple Books', 'url': 'https://goto.applebooks.apple/9780063251922?at=10lIEQ'}, {'name': 'Barnes and Noble', 'url': 'https://www.anrdoezrs.net/click-7990613-11819508?url=https%3A%2F%2Fwww.barnesandnoble.com%2Fw%2F%3Fean%3D9780063251922'}, {'name': 'Books-A-Million', 'url': 'https://www.anrdoezrs.net/click-7990613-35140?url=https%3A%2F%2Fwww.booksamillion.com%2Fp%2FDEMON%2BCOPPERHEAD%2FBarbara%2BKingsolver%2F9780063251922'}, {'name': 'Bookshop', 'url': 'https://bookshop.org/a/3546/9780063251922'}, {'name': 'IndieBound', 'url': 'https://www.indiebound.org/book/9780063251922?aff=NYT'}]",nyt://book/dd6e4f9d-d082-552d-b888-7276a25b5aca
2023-09-03,6,8,16,0,0,0802162177,9780802162175,Grove,Three generations of a family living on South India’s Malabar Coast suffer the loss of a family member by drowning.,0.00,THE COVENANT OF WATER,Abraham Verghese,by Abraham Verghese,,https://storage.googleapis.com/du-prd/books/images/9780802162175.jpg,320,500,https://www.amazon.com/dp/0802162177?tag=NYTBSREV-20,,,,,,"[{'isbn10': '0802162177', 'isbn13': '9780802162175'}, {'isbn10': '1705070248', 'isbn13': '9781705070246'}, {'isbn10': '1705070221', 'isbn13': '9781705070222'}]","[{'name': 'Amazon', 'url': 'https://www.amazon.com/dp/0802162177?tag=NYTBSREV-20'}, {'name': 'Apple Books', 'url': 'https://goto.applebooks.apple/9780802162175?at=10lIEQ'}, {'name': 'Barnes and Noble', 'url': 'https://www.anrdoezrs.net/click-7990613-11819508?url=https%3A%2F%2Fwww.barnesandnoble.com%2Fw%2F%3Fean%3D9780802162175'}, {'name': 'Books-A-Million', 'url': 'https://www.anrdoezrs.net/click-7990613-35140?url=https%3A%2F%2Fwww.booksamillion.com%2Fp%2FTHE%2BCOVENANT%2BOF%2BWATER%2FAbraham%2BVerghese%2F9780802162175'}, {'name': 'Bookshop', 'url': 'https://bookshop.org/a/3546/9780802162175'}, {'name': 'IndieBound', 'url': 'https://www.indiebound.org/book/9780802162175?aff=NYT'}]",nyt://book/5ebf1d34-4c68-560a-8330-7e65bedaaa1a
2023-09-03,7,4,2,0,0,1982179007,9781982179007,Atria,"After meeting a woman who shares the same birthday, Alix Summer becomes the subject of her own true crime podcast.",0.00,NONE OF THIS IS TRUE,Lisa Jewell,by Lisa Jewell,,https://storage.googleapis.com/du-prd/books/images/9781982179007.jpg,329,500,https://www.amazon.com/dp/1982179007?tag=NYTBSREV-20,,,,,,"[{'isbn10': '1982179007', 'isbn13': '9781982179007'}, {'isbn10': '1982179023', 'isbn13': '9781982179021'}]","[{'name': 'Amazon', 'url': 'https://www.amazon.com/dp/1982179007?tag=NYTBSREV-20'}, {'name': 'Apple Books', 'url': 'https://goto.applebooks.apple/9781982179007?at=10lIEQ'}, {'name': 'Barnes and Noble', 'url': 'https://www.anrdoezrs.net/click-7990613-11819508?url=https%3A%2F%2Fwww.barnesandnoble.com%2Fw%2F%3Fean%3D9781982179007'}, {'name': 'Books-A-Million', 'url': 'https://www.anrdoezrs.net/click-7990613-35140?url=https%3A%2F%2Fwww.booksamillion.com%2Fp%2FNONE%2BOF%2BTHIS%2BIS%2BTRUE%2FLisa%2BJewell%2F9781982179007'}, {'name': 'Bookshop', 'url': 'https://bookshop.org/a/3546/9781982179007'}, {'name': 'IndieBound', 'url': 'https://www.indiebound.org/book/9781982179007?aff=NYT'}]",nyt://book/f0840066-0941-51e8-9487-1ecf6a62d99e
2023-09-03,8,3,2,0,0,0593422945,9780593422946,Riverhead,Secrets held by the residents of a dilapidated neighborhood come to life when a skeleton is found at the bottom of a well.,0.00,THE HEAVEN & EARTH GROCERY STORE,James McBride,by James McBride,,https://storage.googleapis.com/du-prd/books/images/9780593422946.jpg,331,500,https://www.amazon.com/dp/0593422945?tag=NYTBSREV-20,,,,,,"[{'isbn10': '0593422945', 'isbn13': '9780593422946'}, {'isbn10': '0593422961', 'isbn13': '9780593422960'}, {'isbn10': '0593684125', 'isbn13': '9780593684122'}, {'isbn10': '0593684141', 'isbn13': '9780593684146'}]","[{'name': 'Amazon', 'url': 'https://www.amazon.com/dp/0593422945?tag=NYTBSREV-20'}, {'name': 'Apple Books', 'url': 'https://goto.applebooks.apple/9780593422946?at=10lIEQ'}, {'name': 'Barnes and Noble', 'url': 'https://www.anrdoezrs.net/click-7990613-11819508?url=https%3A%2F%2Fwww.barnesandnoble.com%2Fw%2F%3Fean%3D9780593422946'}, {'name': 'Books-A-Million', 'url': 'https://www.anrdoezrs.net/click-7990613-35140?url=https%3A%2F%2Fwww.booksamillion.com%2Fp%2FTHE%2BHEAVEN%2B%2526%2BEARTH%2BGROCERY%2BSTORE%2FJames%2BMcBride%2F9780593422946'}, {'name': 'Bookshop', 'url': 'https://bookshop.org/a/3546/9780593422946'}, {'name': 'IndieBound', 'url': 'https://www.indiebound.org/book/9780593422946?aff=NYT'}]",nyt://book/7d47b076-7ad7-539c-a051-6664384636b9
2023-09-03,9,9,17,0,0,0593441273,9780593441275,Berkley,A former couple pretend to be together for the sake of their friends during their annual getaway in Maine.,0.00,HAPPY PLACE,Emily Henry,by Emily Henry,,https://storage.googleapis.com/du-prd/books/images/9780593441275.jpg,331,500,https://www.amazon.com/dp/0593441273?tag=NYTBSREV-20,,,,,,"[{'isbn10': '0593441273', 'isbn13': '9780593441275'}, {'isbn10': '0593441206', 'isbn13': '9780593441206'}, {'isbn10': '0593675118', 'isbn13': '9780593675113'}, {'isbn10': '0593740149', 'isbn13': '9780593740149'}]","[{'name': 'Amazon', 'url': 'https://www.amazon.com/dp/0593441273?tag=NYTBSREV-20'}, {'name': 'Apple Books', 'url': 'https://goto.applebooks.apple/9780593441275?at=10lIEQ'}, {'name': 'Barnes and Noble', 'url': 'https://www.anrdoezrs.net/click-7990613-11819508?url=https%3A%2F%2Fwww.barnesandnoble.com%2Fw%2F%3Fean%3D9780593441275'}, {'name': 'Books-A-Million', 'url': 'https://www.anrdoezrs.net/click-7990613-35140?url=https%3A%2F%2Fwww.booksamillion.com%2Fp%2FHAPPY%2BPLACE%2FEmily%2BHenry%2F9780593441275'}, {'name': 'Bookshop', 'url': 'https://bookshop.org/a/3546/9780593441275'}, {'name': 'IndieBound', 'url': 'https://www.indiebound.org/book/9780593441275?aff=NYT'}]",nyt://book/9ab3a59a-e572-5452-ae0c-eedeadb05831
2023-09-03,10,0,1,0,0,1250892465,9781250892461,Tor,A real estate agent who also is a vampire seeks the help of a medium to extricate the ghost who is haunting the house she needs to sell.,0.00,MASTERS OF DEATH,Olivie Blake,by Olivie Blake,,https://storage.googleapis.com/du-prd/books/images/9781250892461.jpg,324,500,https://www.amazon.com/dp/1250892465?tag=NYTBSREV-20,,,,,,"[{'isbn10': '1250892465', 'isbn13': '9781250892461'}]","[{'name': 'Amazon', 'url': 'https://www.amazon.com/dp/1250892465?tag=NYTBSREV-20'}, {'name': 'Apple Books', 'url': 'https://goto.applebooks.apple/9781250892461?at=10lIEQ'}, {'name': 'Barnes and Noble', 'url': 'https://www.anrdoezrs.net/click-7990613-11819508?url=https%3A%2F%2Fwww.barnesandnoble.com%2Fw%2F%3Fean%3D9781250892461'}, {'name': 'Books-A-Million', 'url': 'https://www.anrdoezrs.net/click-7990613-35140?url=https%3A%2F%2Fwww.booksamillion.com%2Fp%2FMASTERS%2BOF%2BDEATH%2FOlivie%2BBlake%2F9781250892461'}, {'name': 'Bookshop', 'url': 'https://bookshop.org/a/3546/9781250892461'}, {'name': 'IndieBound', 'url': 'https://www.indiebound.org/book/9781250892461?aff=NYT'}]",nyt://book/f87c3311-04cd-547c-91cf-b240fa74d3fe
2023-09-03,11,14,46,0,0,0593321200,9780593321201,Knopf,Two friends find their partnership challenged in the world of video game design.,0.00,"TOMORROW, AND TOMORROW, AND TOMORROW",Gabrielle Zevin,by Gabrielle Zevin,,https://storage.googleapis.com/du-prd/books/images/9780593321201.jpg,329,500,https://www.amazon.com/dp/0593321200?tag=NYTBSREV-20,,,,,,"[{'isbn10': '0593321200', 'isbn13': '9780593321201'}, {'isbn10': '0593321219', 'isbn13': '9780593321218'}, {'isbn10': '0593591631', 'isbn13': '9780593591635'}]","[{'name': 'Amazon', 'url': 'https://www.amazon.com/dp/0593321200?tag=NYTBSREV-20'}, {'name': 'Apple Books', 'url': 'https://goto.applebooks.apple/9780593321201?at=10lIEQ'}, {'name': 'Barnes and Noble', 'url': 'https://www.anrdoezrs.net/click-7990613-11819508?url=https%3A%2F%2Fwww.barnesandnoble.com%2Fw%2F%3Fean%3D9780593321201'}, {'name': 'Books-A-Million', 'url': 'https://www.anrdoezrs.net/click-7990613-35140?url=https%3A%2F%2Fwww.booksamillion.com%2Fp%2FTOMORROW%252C%2BAND%2BTOMORROW%252C%2BAND%2BTOMORROW%2FGabrielle%2BZevin%2F9780593321201'}, {'name': 'Bookshop', 'url': 'https://bookshop.org/a/3546/9780593321201'}, {'name': 'IndieBound', 'url': 'https://www.indiebound.org/book/9780593321201?aff=NYT'}]",nyt://book/bc07e3e3-e917-50bb-9439-70118335f40c
2023-09-03,12,5,2,0,0,198482192X,9781984821928,Delacorte,A best-selling author inherits an estate near London from her uncle and contemplates embracing a new identity.,0.00,HAPPINESS,Danielle Steel,by Danielle Steel,,https://storage.googleapis.com/du-prd/books/images/9781984821928.jpg,328,500,https://www.amazon.com/dp/198482192X?tag=NYTBSREV-20,,,,,,"[{'isbn10': '198482192X', 'isbn13': '9781984821928'}, {'isbn10': '1984821938', 'isbn13': '9781984821935'}]","[{'name': 'Amazon', 'url': 'https://www.amazon.com/dp/198482192X?tag=NYTBSREV-20'}, {'name': 'Apple Books', 'url': 'https://goto.applebooks.apple/9781984821928?at=10lIEQ'}, {'name': 'Barnes and Noble', 'url': 'https://www.anrdoezrs.net/click-7990613-11819508?url=https%3A%2F%2Fwww.barnesandnoble.com%2Fw%2F%3Fean%3D9781984821928'}, {'name': 'Books-A-Million', 'url': 'https://www.anrdoezrs.net/click-7990613-35140?url=https%3A%2F%2Fwww.booksamillion.com%2Fp%2FHAPPINESS%2FDanielle%2BSteel%2F9781984821928'}, {'name': 'Bookshop', 'url': 'https://bookshop.org/a/3546/9781984821928'}, {'name': 'IndieBound', 'url': 'https://www.indiebound.org/book/9781984821928?aff=NYT'}]",nyt://book/c1b9d0df-7459-5d41-9a0e-f71289d1de05
2023-09-03,13,0,1,0,0,0062893076,9780062893079,Morrow,"The 17th book in the Sigma Force series. After a geological disaster, Cmdr. Gray Pierce and his team go into action to prevent even greater threats.",0.00,TIDES OF FIRE,James Rollins,by James Rollins,,https://storage.googleapis.com/du-prd/books/images/9780062893079.jpg,329,500,https://www.amazon.com/dp/0062893076?tag=NYTBSREV-20,,,,,,"[{'isbn10': '0062893076', 'isbn13': '9780062893079'}, {'isbn10': '0062893122', 'isbn13': '9780062893123'}]","[{'name': 'Amazon', 'url': 'https://www.amazon.com/dp/0062893076?tag=NYTBSREV-20'}, {'name': 'Apple Books', 'url': 'https://goto.applebooks.apple/9780062893079?at=10lIEQ'}, {'name': 'Barnes and Noble', 'url': 'https://www.anrdoezrs.net/click-7990613-11819508?url=https%3A%2F%2Fwww.barnesandnoble.com%2Fw%2F%3Fean%3D9780062893079'}, {'name': 'Books-A-Million', 'url': 'https://www.anrdoezrs.net/click-7990613-35140?url=https%3A%2F%2Fwww.booksamillion.com%2Fp%2FTIDES%2BOF%2BFIRE%2FJames%2BRollins%2F9780062893079'}, {'name': 'Bookshop', 'url': 'https://bookshop.org/a/3546/9780062893079'}, {'name': 'IndieBound', 'url': 'https://www.indiebound.org/book/9780062893079?aff=NYT'}]",nyt://book/568b5550-50bb-56f5-8aaa-b914d04ada6b
2023-09-03,14,10,10,0,0,0316258776,9780316258777,"Little, Brown","After a tragedy, a popular food blogger brings friends from distinct times in her life to spend a weekend in Nantucket.",0.00,THE FIVE-STAR WEEKEND,Elin Hilderbrand,by Elin Hilderbrand,,https://storage.googleapis.com/du-prd/books/images/9780316258777.jpg,323,500,https://www.amazon.com/dp/0316258776?tag=NYTBSREV-20,,,,,,"[{'isbn10': '0316258776', 'isbn13': '9780316258777'}, {'isbn10': '0316259381', 'isbn13': '9780316259385'}, {'isbn10': '1668629496', 'isbn13': '9781668629499'}]","[{'name': 'Amazon', 'url': 'https://www.amazon.com/dp/0316258776?tag=NYTBSREV-20'}, {'name': 'Apple Books', 'url': 'https://goto.applebooks.apple/9780316258777?at=10lIEQ'}, {'name': 'Barnes and Noble', 'url': 'https://www.anrdoezrs.net/click-7990613-11819508?url=https%3A%2F%2Fwww.barnesandnoble.com%2Fw%2F%3Fean%3D9780316258777'}, {'name': 'Books-A-Million', 'url': 'https://www.anrdoezrs.net/click-7990613-35140?url=https%3A%2F%2Fwww.booksamillion.com%2Fp%2FTHE%2BFIVE-STAR%2BWEEKEND%2FElin%2BHilderbrand%2F9780316258777'}, {'name': 'Bookshop', 'url': 'https://bookshop.org/a/3546/9780316258777'}, {'name': 'IndieBound', 'url': 'https://www.indiebound.org/book/9780316258777?aff=NYT'}]",nyt://book/8c779b4e-ab10-5946-a522-e8dd1167b1db
2023-09-03,15,0,1,0,0,1982175370,9781982175375,Atria,Mia Jacob finds resonance between her mother’s time inside a cult in western Massachusetts and Nathaniel Hawthorne’s “The Scarlet Letter.”,0.00,THE INVISIBLE HOUR,Alice Hoffman,by Alice Hoffman,,https://storage.googleapis.com/du-prd/books/images/9781982175375.jpg,334,500,https://www.amazon.com/dp/1982175370?tag=NYTBSREV-20,,,,,,"[{'isbn10': '1982175370', 'isbn13': '9781982175375'}]","[{'name': 'Amazon', 'url': 'https://www.amazon.com/dp/1982175370?tag=NYTBSREV-20'}, {'name': 'Apple Books', 'url': 'https://goto.applebooks.apple/9781982175375?at=10lIEQ'}, {'name': 'Barnes and Noble', 'url': 'https://www.anrdoezrs.net/click-7990613-11819508?url=https%3A%2F%2Fwww.barnesandnoble.com%2Fw%2F%3Fean%3D9781982175375'}, {'name': 'Books-A-Million', 'url': 'https://www.anrdoezrs.net/click-7990613-35140?url=https%3A%2F%2Fwww.booksamillion.com%2Fp%2FTHE%2BINVISIBLE%2BHOUR%2FAlice%2BHoffman%2F9781982175375'}, {'name': 'Bookshop', 'url': 'https://bookshop.org/a/3546/9781982175375'}, {'name': 'IndieBound', 'url': 'https://www.indiebound.org/book/9781982175375?aff=NYT'}]",nyt://book/168ed1af-3642-5702-aebf-efa104d13d96
2023-09-10,1,2,16,0,0,1649374046,9781649374042,Red Tower,"Violet Sorrengail is urged by the commanding general, who also is her mother, to become a candidate for the elite dragon riders.",0.00,FOURTH WING,Rebecca Yarros,by Rebecca Yarros,,https://storage.googleapis.com/du-prd/books/images/9781649374042.jpg,309,500,https://www.amazon.com/dp/1649374046?tag=NYTBSREV-20,,,,,,"[{'isbn10': '1649374046', 'isbn13': '9781649374042'}, {'isbn10': '1649374089', 'isbn13': '9781649374080'}, {'isbn10': '1705085059', 'isbn13': '9781705085059'}, {'isbn10': '1705085032', 'isbn13': '9781705085035'}]","[{'name': 'Amazon', 'url': 'https://www.amazon.com/dp/1649374046?tag=NYTBSREV-20'}, {'name': 'Apple Books', 'url': 'https://goto.applebooks.apple/9781649374042?at=10lIEQ'}, {'name': 'Barnes and Noble', 'url': 'https://www.anrdoezrs.net/click-7990613-11819508?url=https%3A%2F%2Fwww.barnesandnoble.com%2Fw%2F%3Fean%3D9781649374042'}, {'name': 'Books-A-Million', 'url': 'https://www.anrdoezrs.net/click-7990613-35140?url=https%3A%2F%2Fwww.booksamillion.com%2Fp%2FFOURTH%2BWING%2FRebecca%2BYarros%2F9781649374042'}, {'name': 'Bookshop', 'url': 'https://bookshop.org/a/3546/9781649374042'}, {'name': 'IndieBound', 'url': 'https://www.indiebound.org/book/9781649374042?aff=NYT'}]",nyt://book/106c2cf0-7d20-51b1-bad4-91c3ebcd131a
2023-09-10,2,1,4,0,0,006332752X,9780063327528,Harper,"Three daughters, who return to their family orchard in the spring of 2020, learn about their mother’s relationship with a famous actor.",0.00,TOM LAKE,Ann Patchett,by Ann Patchett,,https://storage.googleapis.com/du-prd/books/images/9780063327528.jpg,331,500,https://www.amazon.com/dp/006332752X?tag=NYTBSREV-20,,,,,,"[{'isbn10': '006332752X', 'isbn13': '9780063327528'}, {'isbn10': '0063327546', 'isbn13': '9780063327542'}]","[{'name': 'Amazon', 'url': 'https://www.amazon.com/dp/006332752X?tag=NYTBSREV-20'}, {'name': 'Apple Books', 'url': 'https://goto.applebooks.apple/9780063327528?at=10lIEQ'}, {'name': 'Barnes and Noble', 'url': 'https://www.anrdoezrs.net/click-7990613-11819508?url=https%3A%2F%2Fwww.barnesandnoble.com%2Fw%2F%3Fean%3D9780063327528'}, {'name': 'Books-A-Million', 'url': 'https://www.anrdoezrs.net/click-7990613-35140?url=https%3A%2F%2Fwww.booksamillion.com%2Fp%2FTOM%2BLAKE%2FAnn%2BPatchett%2F9780063327528'}, {'name': 'Bookshop', 'url': 'https://bookshop.org/a/3546/9780063327528'}, {'name': 'IndieBound', 'url': 'https://www.indiebound.org/book/9780063327528?aff=NYT'}]",nyt://book/2430a2de-ff8f-5a25-88f8-50bd8137fa92
2023-09-10,3,0,1,0,0,1538736829,9781538736821,Grand Central,The fourth book in the Nora Kelly series. Kelly and Swanson search for the ninth victim of a gruesome and bizarre incident that occurred in 2008.,0.00,DEAD MOUNTAIN,Douglas Preston and Lincoln Child,by Douglas Preston and Lincoln Child,,https://storage.googleapis.com/du-prd/books/images/9781538736821.jpg,331,500,https://www.amazon.com/dp/1538736829?tag=NYTBSREV-20,,,,,,"[{'isbn10': '1538736829', 'isbn13': '9781538736821'}, {'isbn10': '1538742535', 'isbn13': '9781538742532'}, {'isbn10': '1538736837', 'isbn13': '9781538736838'}]","[{'name': 'Amazon', 'url': 'https://www.amazon.com/dp/1538736829?tag=NYTBSREV-20'}, {'name': 'Apple Books', 'url': 'https://goto.applebooks.apple/9781538736821?at=10lIEQ'}, {'name': 'Barnes and Noble', 'url': 'https://www.anrdoezrs.net/click-7990613-11819508?url=https%3A%2F%2Fwww.barnesandnoble.com%2Fw%2F%3Fean%3D9781538736821'}, {'name': 'Books-A-Million', 'url': 'https://www.anrdoezrs.net/click-7990613-35140?url=https%3A%2F%2Fwww.booksamillion.com%2Fp%2FDEAD%2BMOUNTAIN%2FDouglas%2BPreston%2Band%2BLincoln%2BChild%2F9781538736821'}, {'name': 'Bookshop', 'url': 'https://bookshop.org/a/3546/9781538736821'}, {'name': 'IndieBound', 'url': 'https://www.indiebound.org/book/9781538736821?aff=NYT'}]",nyt://book/34d795e7-0dd7-568e-9b1f-35ba71a2b529
2023-09-10,4,3,68,0,0,038554734X,9780385547345,Doubleday,A scientist and single mother living in California in the 1960s becomes a star on a TV cooking show.,0.00,LESSONS IN CHEMISTRY,Bonnie Garmus,by Bonnie Garmus,,https://storage.googleapis.com/du-prd/books/images/9780385547345.jpg,328,500,https://www.amazon.com/dp/038554734X?tag=NYTBSREV-20,,,,,,"[{'isbn10': '038554734X', 'isbn13': '9780385547345'}, {'isbn10': '0593507533', 'isbn13': '9780593507537'}, {'isbn10': '0385547374', 'isbn13': '9780385547376'}, {'isbn10': '0593862406', 'isbn13': '9780593862407'}]","[{'name': 'Amazon', 'url': 'https://www.amazon.com/dp/038554734X?tag=NYTBSREV-20'}, {'name': 'Apple Books', 'url': 'https://goto.applebooks.apple/9780385547345?at=10lIEQ'}, {'name': 'Barnes and Noble', 'url': 'https://www.anrdoezrs.net/click-7990613-11819508?url=https%3A%2F%2Fwww.barnesandnoble.com%2Fw%2F%3Fean%3D9780385547345'}, {'name': 'Books-A-Million', 'url': 'https://www.anrdoezrs.net/click-7990613-35140?url=https%3A%2F%2Fwww.booksamillion.com%2Fp%2FLESSONS%2BIN%2BCHEMISTRY%2FBonnie%2BGarmus%2F9780385547345'}, {'name': 'Bookshop', 'url': 'https://bookshop.org/a/3546/9780385547345'}, {'name': 'IndieBound', 'url': 'https://www.indiebound.org/book/9780385547345?aff=NYT'}]",nyt://book/717e0ead-9782-567d-af27-d9a6cfb1856f
2023-09-10,5,5,43,0,0,0063251922,9780063251922,Harper,Winner of a 2023 Pulitzer Prize for fiction. A reimagining of Charles Dickens’s “David Copperfield” set in the mountains of southern Appalachia.,0.00,DEMON COPPERHEAD,Barbara Kingsolver,by Barbara Kingsolver,,https://storage.googleapis.com/du-prd/books/images/9780063251922.jpg,329,500,https://www.amazon.com/dp/0063251922?tag=NYTBSREV-20,,,,,,"[{'isbn10': '0063251922', 'isbn13': '9780063251922'}, {'isbn10': '006325199X', 'isbn13': '9780063251991'}, {'isbn10': '0063251981', 'isbn13': '9780063251984'}]","[{'name': 'Amazon', 'url': 'https://www.amazon.com/dp/0063251922?tag=NYTBSREV-20'}, {'name': 'Apple Books', 'url': 'https://goto.applebooks.apple/9780063251922?at=10lIEQ'}, {'name': 'Barnes and Noble', 'url': 'https://www.anrdoezrs.net/click-7990613-11819508?url=https%3A%2F%2Fwww.barnesandnoble.com%2Fw%2F%3Fean%3D9780063251922'}, {'name': 'Books-A-Million', 'url': 'https://www.anrdoezrs.net/click-7990613-35140?url=https%3A%2F%2Fwww.booksamillion.com%2Fp%2FDEMON%2BCOPPERHEAD%2FBarbara%2BKingsolver%2F9780063251922'}, {'name': 'Bookshop', 'url': 'https://bookshop.org/a/3546/9780063251922'}, {'name': 'IndieBound', 'url': 'https://www.indiebound.org/book/9780063251922?aff=NYT'}]",nyt://book/dd6e4f9d-d082-552d-b888-7276a25b5aca
2023-09-10,6,0,1,0,0,0063157780,9780063157781,Morrow,The 11th book in the Will Trent series. Trent’s investigation of a young woman’s assault reveals a link to an attack 15 years ago.,0.00,AFTER THAT NIGHT,Karin Slaughter,by Karin Slaughter,,https://storage.googleapis.com/du-prd/books/images/9780063157781.jpg,329,500,https://www.amazon.com/dp/0063157780?tag=NYTBSREV-20,,,,,,"[{'isbn10': '0063157780', 'isbn13': '9780063157781'}, {'isbn10': '0063157810', 'isbn13': '9780063157811'}]","[{'name': 'Amazon', 'url': 'https://www.amazon.com/dp/0063157780?tag=NYTBSREV-20'}, {'name': 'Apple Books', 'url': 'https://goto.applebooks.apple/9780063157781?at=10lIEQ'}, {'name': 'Barnes and Noble', 'url': 'https://www.anrdoezrs.net/click-7990613-11819508?url=https%3A%2F%2Fwww.barnesandnoble.com%2Fw%2F%3Fean%3D9780063157781'}, {'name': 'Books-A-Million', 'url': 'https://www.anrdoezrs.net/click-7990613-35140?url=https%3A%2F%2Fwww.booksamillion.com%2Fp%2FAFTER%2BTHAT%2BNIGHT%2FKarin%2BSlaughter%2F9780063157781'}, {'name': 'Bookshop', 'url': 'https://bookshop.org/a/3546/9780063157781'}, {'name': 'IndieBound', 'url': 'https://www.indiebound.org/book/9780063157781?aff=NYT'}]",nyt://book/1e9b35af-f8a9-54af-b787-a49b2057c1c7
2023-09-10,7,6,17,0,0,0802162177,9780802162175,Grove,Three generations of a family living on South India’s Malabar Coast suffer the loss of a family member by drowning.,0.00,THE COVENANT OF WATER,Abraham Verghese,by Abraham Verghese,,https://storage.googleapis.com/du-prd/books/images/9780802162175.jpg,320,500,https://www.amazon.com/dp/0802162177?tag=NYTBSREV-20,,,,,,"[{'isbn10': '0802162177', 'isbn13': '9780802162175'}, {'isbn10': '1705070248', 'isbn13': '9781705070246'}, {'isbn10': '1705070221', 'isbn13': '9781705070222'}]","[{'name': 'Amazon', 'url': 'https://www.amazon.com/dp/0802162177?tag=NYTBSREV-20'}, {'name': 'Apple Books', 'url': 'https://goto.applebooks.apple/9780802162175?at=10lIEQ'}, {'name': 'Barnes and Noble', 'url': 'https://www.anrdoezrs.net/click-7990613-11819508?url=https%3A%2F%2Fwww.barnesandnoble.com%2Fw%2F%3Fean%3D9780802162175'}, {'name': 'Books-A-Million', 'url': 'https://www.anrdoezrs.net/click-7990613-35140?url=https%3A%2F%2Fwww.booksamillion.com%2Fp%2FTHE%2BCOVENANT%2BOF%2BWATER%2FAbraham%2BVerghese%2F9780802162175'}, {'name': 'Bookshop', 'url': 'https://bookshop.org/a/3546/9780802162175'}, {'name': 'IndieBound', 'url': 'https://www.indiebound.org/book/9780802162175?aff=NYT'}]",nyt://book/5ebf1d34-4c68-560a-8330-7e65bedaaa1a
2023-09-10,8,7,3,0,0,1982179007,9781982179007,Atria,"After meeting a woman who shares the same birthday, Alix Summer becomes the subject of her own true crime podcast.",0.00,NONE OF THIS IS TRUE,Lisa Jewell,by Lisa Jewell,,https://storage.googleapis.com/du-prd/books/images/9781982179007.jpg,329,500,https://www.amazon.com/dp/1982179007?tag=NYTBSREV-20,,,,,,"[{'isbn10': '1982179007', 'isbn13': '9781982179007'}, {'isbn10': '1982179023', 'isbn13': '9781982179021'}]","[{'name': 'Amazon', 'url': 'https://www.amazon.com/dp/1982179007?tag=NYTBSREV-20'}, {'name': 'Apple Books', 'url': 'https://goto.applebooks.apple/9781982179007?at=10lIEQ'}, {'name': 'Barnes and Noble', 'url': 'https://www.anrdoezrs.net/click-7990613-11819508?url=https%3A%2F%2Fwww.barnesandnoble.com%2Fw%2F%3Fean%3D9781982179007'}, {'name': 'Books-A-Million', 'url': 'https://www.anrdoezrs.net/click-7990613-35140?url=https%3A%2F%2Fwww.booksamillion.com%2Fp%2FNONE%2BOF%2BTHIS%2BIS%2BTRUE%2FLisa%2BJewell%2F9781982179007'}, {'name': 'Bookshop', 'url': 'https://bookshop.org/a/3546/9781982179007'}, {'name': 'IndieBound', 'url': 'https://www.indiebound.org/book/9781982179007?aff=NYT'}]",nyt://book/f0840066-0941-51e8-9487-1ecf6a62d99e
2023-09-10,9,4,2,0,0,0316404896,9780316404891,"Little, Brown","The Eagles’ starting quarterback is murdered and his wife, a Grammy-winning singer, is the prime suspect.",0.00,LION & LAMB,James Patterson and Duane Swierczynski,by James Patterson and Duane Swierczynski,,https://storage.googleapis.com/du-prd/books/images/9780316404891.jpg,322,500,https://www.amazon.com/dp/0316404896?tag=NYTBSREV-20,,,,,,"[{'isbn10': '0316404896', 'isbn13': '9780316404891'}, {'isbn10': '0316404993', 'isbn13': '9780316404990'}]","[{'name': 'Amazon', 'url': 'https://www.amazon.com/dp/0316404896?tag=NYTBSREV-20'}, {'name': 'Apple Books', 'url': 'https://goto.applebooks.apple/9780316404891?at=10lIEQ'}, {'name': 'Barnes and Noble', 'url': 'https://www.anrdoezrs.net/click-7990613-11819508?url=https%3A%2F%2Fwww.barnesandnoble.com%2Fw%2F%3Fean%3D9780316404891'}, {'name': 'Books-A-Million', 'url': 'https://www.anrdoezrs.net/click-7990613-35140?url=https%3A%2F%2Fwww.booksamillion.com%2Fp%2FLION%2B%2526%2BLAMB%2FJames%2BPatterson%2Band%2BDuane%2BSwierczynski%2F9780316404891'}, {'name': 'Bookshop', 'url': 'https://bookshop.org/a/3546/9780316404891'}, {'name': 'IndieBound', 'url': 'https://www.indiebound.org/book/9780316404891?aff=NYT'}]",nyt://book/abaeff13-c919-5345-9608-3df8831cef98
2023-09-10,10,8,3,0,0,0593422945,9780593422946,Riverhead,Secrets held by the residents of a dilapidated neighborhood come to life when a skeleton is found at the bottom of a well.,0.00,THE HEAVEN & EARTH GROCERY STORE,James McBride,by James McBride,,https://storage.googleapis.com/du-prd/books/images/9780593422946.jpg,331,500,https://www.amazon.com/dp/0593422945?tag=NYTBSREV-20,,,,,,"[{'isbn10': '0593422945', 'isbn13': '9780593422946'}, {'isbn10': '0593422961', 'isbn13': '9780593422960'}, {'isbn10': '0593684125', 'isbn13': '9780593684122'}, {'isbn10': '0593684141', 'isbn13': '9780593684146'}]","[{'name': 'Amazon', 'url': 'https://www.amazon.com/dp/0593422945?tag=NYTBSREV-20'}, {'name': 'Apple Books', 'url': 'https://goto.applebooks.apple/9780593422946?at=10lIEQ'}, {'name': 'Barnes and Noble', 'url': 'https://www.anrdoezrs.net/click-7990613-11819508?url=https%3A%2F%2Fwww.barnesandnoble.com%2Fw%2F%3Fean%3D9780593422946'}, {'name': 'Books-A-Million', 'url': 'https://www.anrdoezrs.net/click-7990613-35140?url=https%3A%2F%2Fwww.booksamillion.com%2Fp%2FTHE%2BHEAVEN%2B%2526%2BEARTH%2BGROCERY%2BSTORE%2FJames%2BMcBride%2F9780593422946'}, {'name': 'Bookshop', 'url': 'https://bookshop.org/a/3546/9780593422946'}, {'name': 'IndieBound', 'url': 'https://www.indiebound.org/book/9780593422946?aff=NYT'}]",nyt://book/7d47b076-7ad7-539c-a051-6664384636b9
2023-09-10,11,9,18,0,0,0593441273,9780593441275,Berkley,A former couple pretend to be together for the sake of their friends during their annual getaway in Maine.,0.00,HAPPY PLACE,Emily Henry,by Emily Henry,,https://storage.googleapis.com/du-prd/books/images/9780593441275.jpg,331,500,https://www.amazon.com/dp/0593441273?tag=NYTBSREV-20,,,,,,"[{'isbn10': '0593441273', 'isbn13': '9780593441275'}, {'isbn10': '0593441206', 'isbn13': '9780593441206'}, {'isbn10': '0593675118', 'isbn13': '9780593675113'}, {'isbn10': '0593740149', 'isbn13': '9780593740149'}]","[{'name': 'Amazon', 'url': 'https://www.amazon.com/dp/0593441273?tag=NYTBSREV-20'}, {'name': 'Apple Books', 'url': 'https://goto.applebooks.apple/9780593441275?at=10lIEQ'}, {'name': 'Barnes and Noble', 'url': 'https://www.anrdoezrs.net/click-7990613-11819508?url=https%3A%2F%2Fwww.barnesandnoble.com%2Fw%2F%3Fean%3D9780593441275'}, {'name': 'Books-A-Million', 'url': 'https://www.anrdoezrs.net/click-7990613-35140?url=https%3A%2F%2Fwww.booksamillion.com%2Fp%2FHAPPY%2BPLACE%2FEmily%2BHenry%2F9780593441275'}, {'name': 'Bookshop', 'url': 'https://bookshop.org/a/3546/9780593441275'}, {'name': 'IndieBound', 'url': 'https://www.indiebound.org/book/9780593441275?aff=NYT'}]",nyt://book/9ab3a59a-e572-5452-ae0c-eedeadb05831
2023-09-10,12,10,2,0,0,1250892465,9781250892461,Tor,A real estate agent who also is a vampire seeks the help of a medium to extricate the ghost who is haunting the house she needs to sell.,0.00,MASTERS OF DEATH,Olivie Blake,by Olivie Blake,,https://storage.googleapis.com/du-prd/books/images/9781250892461.jpg,324,500,https://www.amazon.com/dp/1250892465?tag=NYTBSREV-20,,,,,,"[{'isbn10': '1250892465', 'isbn13': '9781250892461'}]","[{'name': 'Amazon', 'url': 'https://www.amazon.com/dp/1250892465?tag=NYTBSREV-20'}, {'name': 'Apple Books', 'url': 'https://goto.applebooks.apple/9781250892461?at=10lIEQ'}, {'name': 'Barnes and Noble', 'url': 'https://www.anrdoezrs.net/click-7990613-11819508?url=https%3A%2F%2Fwww.barnesandnoble.com%2Fw%2F%3Fean%3D9781250892461'}, {'name': 'Books-A-Million', 'url': 'https://www.anrdoezrs.net/click-7990613-35140?url=https%3A%2F%2Fwww.booksamillion.com%2Fp%2FMASTERS%2BOF%2BDEATH%2FOlivie%2BBlake%2F9781250892461'}, {'name': 'Bookshop', 'url': 'https://bookshop.org/a/3546/9781250892461'}, {'name': 'IndieBound', 'url': 'https://www.indiebound.org/book/9781250892461?aff=NYT'}]",nyt://book/f87c3311-04cd-547c-91cf-b240fa74d3fe
2023-09-10,13,11,47,0,0,0593321200,9780593321201,Knopf,Two friends find their partnership challenged in the world of video game design.,0.00,"TOMORROW, AND TOMORROW, AND TOMORROW",Gabrielle Zevin,by Gabrielle Zevin,,https://storage.googleapis.com/du-prd/books/images/9780593321201.jpg,329,500,https://www.amazon.com/dp/0593321200?tag=NYTBSREV-20,,,,,,"[{'isbn10': '0593321200', 'isbn13': '9780593321201'}, {'isbn10': '0593321219', 'isbn13': '9780593321218'}, {'isbn10': '0593591631', 'isbn13': '9780593591635'}]","[{'name': 'Amazon', 'url': 'https://www.amazon.com/dp/0593321200?tag=NYTBSREV-20'}, {'name': 'Apple Books', 'url': 'https://goto.applebooks.apple/9780593321201?at=10lIEQ'}, {'name': 'Barnes and Noble', 'url': 'https://www.anrdoezrs.net/click-7990613-11819508?url=https%3A%2F%2Fwww.barnesandnoble.com%2Fw%2F%3Fean%3D9780593321201'}, {'name': 'Books-A-Million', 'url': 'https://www.anrdoezrs.net/click-7990613-35140?url=https%3A%2F%2Fwww.booksamillion.com%2Fp%2FTOMORROW%252C%2BAND%2BTOMORROW%252C%2BAND%2BTOMORROW%2FGabrielle%2BZevin%2F9780593321201'}, {'name': 'Bookshop', 'url': 'https://bookshop.org/a/3546/9780593321201'}, {'name': 'IndieBound', 'url': 'https://www.indiebound.org/book/9780593321201?aff=NYT'}]",nyt://book/bc07e3e3-e917-50bb-9439-70118335f40c
2023-09-10,14,14,11,0,0,0316258776,9780316258777,"Little, Brown","After a tragedy, a popular food blogger brings friends from distinct times in her life to spend a weekend in Nantucket.",0.00,THE FIVE-STAR WEEKEND,Elin Hilderbrand,by Elin Hilderbrand,,https://storage.googleapis.com/du-prd/books/images/9780316258777.jpg,323,500,https://www.amazon.com/dp/0316258776?tag=NYTBSREV-20,,,,,,"[{'isbn10': '0316258776', 'isbn13': '9780316258777'}, {'isbn10': '0316259381', 'isbn13': '9780316259385'}, {'isbn10': '1668629496', 'isbn13': '9781668629499'}]","[{'name': 'Amazon', 'url': 'https://www.amazon.com/dp/0316258776?tag=NYTBSREV-20'}, {'name': 'Apple Books', 'url': 'https://goto.applebooks.apple/9780316258777?at=10lIEQ'}, {'name': 'Barnes and Noble', 'url': 'https://www.anrdoezrs.net/click-7990613-11819508?url=https%3A%2F%2Fwww.barnesandnoble.com%2Fw%2F%3Fean%3D9780316258777'}, {'name': 'Books-A-Million', 'url': 'https://www.anrdoezrs.net/click-7990613-35140?url=https%3A%2F%2Fwww.booksamillion.com%2Fp%2FTHE%2BFIVE-STAR%2BWEEKEND%2FElin%2BHilderbrand%2F9780316258777'}, {'name': 'Bookshop', 'url': 'https://bookshop.org/a/3546/9780316258777'}, {'name': 'IndieBound', 'url': 'https://www.indiebound.org/book/9780316258777?aff=NYT'}]",nyt://book/8c779b4e-ab10-5946-a522-e8dd1167b1db
2023-09-10,15,0,23,0,0,0063204150,9780063204157,Ecco,A widow working the night shift at the Sowell Bay Aquarium is aided in solving a mystery by a giant Pacific octopus living there.,0.00,REMARKABLY BRIGHT CREATURES,Shel Van Pelt,by Shelby Van Pelt,,https://storage.googleapis.com/du-prd/books/images/9780063204157.jpg,329,500,https://www.amazon.com/dp/0063204150?tag=NYTBSREV-20,,,,,,"[{'isbn10': '0063204150', 'isbn13': '9780063204157'}, {'isbn10': '0063204185', 'isbn13': '9780063204188'}, {'isbn10': '0063204169', 'isbn13': '9780063204164'}]","[{'name': 'Amazon', 'url': 'https://www.amazon.com/dp/0063204150?tag=NYTBSREV-20'}, {'name': 'Apple Books', 'url': 'https://goto.applebooks.apple/9780063204157?at=10lIEQ'}, {'name': 'Barnes and Noble', 'url': 'https://www.anrdoezrs.net/click-7990613-11819508?url=https%3A%2F%2Fwww.barnesandnoble.com%2Fw%2F%3Fean%3D9780063204157'}, {'name': 'Books-A-Million', 'url': 'https://www.anrdoezrs.net/click-7990613-35140?url=https%3A%2F%2Fwww.booksamillion.com%2Fp%2FREMARKABLY%2BBRIGHT%2BCREATURES%2FShel%2BVan%2BPelt%2F9780063204157'}, {'name': 'Bookshop', 'url': 'https://bookshop.org/a/3546/9780063204157'}, {'name': 'IndieBound', 'url': 'https://www.indiebound.org/book/9780063204157?aff=NYT'}]",nyt://book/206a5e83-12f4-5ea9-8e63-1da5470a6ef5
2023-09-17,1,1,17,0,0,1649374046,9781649374042,Red Tower,"Violet Sorrengail is urged by the commanding general, who also is her mother, to become a candidate for the elite dragon riders.",0.00,FOURTH WING,Rebecca Yarros,by Rebecca Yarros,,https://storage.googleapis.com/du-prd/books/images/9781649374042.jpg,309,500,https://www.amazon.com/dp/1649374046?tag=NYTBSREV-20,,,,,,"[{'isbn10': '1649374046', 'isbn13': '9781649374042'}, {'isbn10': '1649374089', 'isbn13': '9781649374080'}, {'isbn10': '1705085059', 'isbn13': '9781705085059'}, {'isbn10': '1705085032', 'isbn13': '9781705085035'}]","[{'name': 'Amazon', 'url': 'https://www.amazon.com/dp/1649374046?tag=NYTBSREV-20'}, {'name': 'Apple Books', 'url': 'https://goto.applebooks.apple/9781649374042?at=10lIEQ'}, {'name': 'Barnes and Noble', 'url': 'https://www.anrdoezrs.net/click-7990613-11819508?url=https%3A%2F%2Fwww.barnesandnoble.com%2Fw%2F%3Fean%3D9781649374042'}, {'name': 'Books-A-Million', 'url': 'https://www.anrdoezrs.net/click-7990613-35140?url=https%3A%2F%2Fwww.booksamillion.com%2Fp%2FFOURTH%2BWING%2FRebecca%2BYarros%2F9781649374042'}, {'name': 'Bookshop', 'url': 'https://bookshop.org/a/3546/9781649374042'}, {'name': 'IndieBound', 'url': 'https://www.indiebound.org/book/9781649374042?aff=NYT'}]",nyt://book/106c2cf0-7d20-51b1-bad4-91c3ebcd131a
2023-09-17,2,2,5,0,0,006332752X,9780063327528,Harper,"Three daughters, who return to their family orchard in the spring of 2020, learn about their mother’s relationship with a famous actor.",0.00,TOM LAKE,Ann Patchett,by Ann Patchett,,https://storage.googleapis.com/du-prd/books/images/9780063327528.jpg,331,500,https://www.amazon.com/dp/006332752X?tag=NYTBSREV-20,,,,,,"[{'isbn10': '006332752X', 'isbn13': '9780063327528'}, {'isbn10': '0063327546', 'isbn13': '9780063327542'}]","[{'name': 'Amazon', 'url': 'https://www.amazon.com/dp/006332752X?tag=NYTBSREV-20'}, {'name': 'Apple Books', 'url': 'https://goto.applebooks.apple/9780063327528?at=10lIEQ'}, {'name': 'Barnes and Noble', 'url': 'https://www.anrdoezrs.net/click-7990613-11819508?url=https%3A%2F%2Fwww.barnesandnoble.com%2Fw%2F%3Fean%3D9780063327528'}, {'name': 'Books-A-Million', 'url': 'https://www.anrdoezrs.net/click-7990613-35140?url=https%3A%2F%2Fwww.booksamillion.com%2Fp%2FTOM%2BLAKE%2FAnn%2BPatchett%2F9780063327528'}, {'name': 'Bookshop', 'url': 'https://bookshop.org/a/3546/9780063327528'}, {'name': 'IndieBound', 'url': 'https://www.indiebound.org/book/9780063327528?aff=NYT'}]",nyt://book/2430a2de-ff8f-5a25-88f8-50bd8137fa92
2023-09-17,3,4,69,0,0,038554734X,9780385547345,Doubleday,A scientist and single mother living in California in the 1960s becomes a star on a TV cooking show.,0.00,LESSONS IN CHEMISTRY,Bonnie Garmus,by Bonnie Garmus,,https://storage.googleapis.com/du-prd/books/images/9780385547345.jpg,328,500,https://www.amazon.com/dp/038554734X?tag=NYTBSREV-20,,,,,,"[{'isbn10': '038554734X', 'isbn13': '9780385547345'}, {'isbn10': '0593507533', 'isbn13': '9780593507537'}, {'isbn10': '0385547374', 'isbn13': '9780385547376'}, {'isbn10': '0593862406', 'isbn13': '9780593862407'}]","[{'name': 'Amazon', 'url': 'https://www.amazon.com/dp/038554734X?tag=NYTBSREV-20'}, {'name': 'Apple Books', 'url': 'https://goto.applebooks.apple/9780385547345?at=10lIEQ'}, {'name': 'Barnes and Noble', 'url': 'https://www.anrdoezrs.net/click-7990613-11819508?url=https%3A%2F%2Fwww.barnesandnoble.com%2Fw%2F%3Fean%3D9780385547345'}, {'name': 'Books-A-Million', 'url': 'https://www.anrdoezrs.net/click-7990613-35140?url=https%3A%2F%2Fwww.booksamillion.com%2Fp%2FLESSONS%2BIN%2BCHEMISTRY%2FBonnie%2BGarmus%2F9780385547345'}, {'name': 'Bookshop', 'url': 'https://bookshop.org/a/3546/9780385547345'}, {'name': 'IndieBound', 'url': 'https://www.indiebound.org/book/9780385547345?aff=NYT'}]",nyt://book/717e0ead-9782-567d-af27-d9a6cfb1856f
2023-09-17,4,5,44,0,0,0063251922,9780063251922,Harper,Winner of a 2023 Pulitzer Prize for fiction. A reimagining of Charles Dickens’s “David Copperfield” set in the mountains of southern Appalachia.,0.00,DEMON COPPERHEAD,Barbara Kingsolver,by Barbara Kingsolver,,https://storage.googleapis.com/du-prd/books/images/9780063251922.jpg,329,500,https://www.amazon.com/dp/0063251922?tag=NYTBSREV-20,,,,,,"[{'isbn10': '0063251922', 'isbn13': '9780063251922'}, {'isbn10': '006325199X', 'isbn13': '9780063251991'}, {'isbn10': '0063251981', 'isbn13': '9780063251984'}]","[{'name': 'Amazon', 'url': 'https://www.amazon.com/dp/0063251922?tag=NYTBSREV-20'}, {'name': 'Apple Books', 'url': 'https://goto.applebooks.apple/9780063251922?at=10lIEQ'}, {'name': 'Barnes and Noble', 'url': 'https://www.anrdoezrs.net/click-7990613-11819508?url=https%3A%2F%2Fwww.barnesandnoble.com%2Fw%2F%3Fean%3D9780063251922'}, {'name': 'Books-A-Million', 'url': 'https://www.anrdoezrs.net/click-7990613-35140?url=https%3A%2F%2Fwww.booksamillion.com%2Fp%2FDEMON%2BCOPPERHEAD%2FBarbara%2BKingsolver%2F9780063251922'}, {'name': 'Bookshop', 'url': 'https://bookshop.org/a/3546/9780063251922'}, {'name': 'IndieBound', 'url': 'https://www.indiebound.org/book/9780063251922?aff=NYT'}]",nyt://book/dd6e4f9d-d082-552d-b888-7276a25b5aca
2023-09-17,5,0,1,0,0,1668033429,9781668033425,Atria,"As her wedding to a man she met at a childhood weight-loss camp approaches, Abby goes on a cycling trip to Niagara Falls in a group that includes an old fling.",0.00,THE BREAKAWAY,Jennifer Weiner,by Jennifer Weiner,,https://storage.googleapis.com/du-prd/books/images/9781668033425.jpg,329,500,https://www.amazon.com/dp/1668033429?tag=NYTBSREV-20,,,,,,"[{'isbn10': '1668033429', 'isbn13': '9781668033425'}, {'isbn10': '1668033445', 'isbn13': '9781668033449'}]","[{'name': 'Amazon', 'url': 'https://www.amazon.com/dp/1668033429?tag=NYTBSREV-20'}, {'name': 'Apple Books', 'url': 'https://goto.applebooks.apple/9781668033425?at=10lIEQ'}, {'name': 'Barnes and Noble', 'url': 'https://www.anrdoezrs.net/click-7990613-11819508?url=https%3A%2F%2Fwww.barnesandnoble.com%2Fw%2F%3Fean%3D9781668033425'}, {'name': 'Books-A-Million', 'url': 'https://www.anrdoezrs.net/click-7990613-35140?url=https%3A%2F%2Fwww.booksamillion.com%2Fp%2FTHE%2BBREAKAWAY%2FJennifer%2BWeiner%2F9781668033425'}, {'name': 'Bookshop', 'url': 'https://bookshop.org/a/3546/9781668033425'}, {'name': 'IndieBound', 'url': 'https://www.indiebound.org/book/9781668033425?aff=NYT'}]",nyt://book/6ba5e702-5f6b-51fc-b156-d722c8e74c0c
2023-09-17,6,10,4,0,0,0593422945,9780593422946,Riverhead,Secrets held by the residents of a dilapidated neighborhood come to life when a skeleton is found at the bottom of a well.,0.00,THE HEAVEN & EARTH GROCERY STORE,James McBride,by James McBride,,https://storage.googleapis.com/du-prd/books/images/9780593422946.jpg,331,500,https://www.amazon.com/dp/0593422945?tag=NYTBSREV-20,,,,,,"[{'isbn10': '0593422945', 'isbn13': '9780593422946'}, {'isbn10': '0593422961', 'isbn13': '9780593422960'}, {'isbn10': '0593684125', 'isbn13': '9780593684122'}, {'isbn10': '0593684141', 'isbn13': '9780593684146'}]","[{'name': 'Amazon', 'url': 'https://www.amazon.com/dp/0593422945?tag=NYTBSREV-20'}, {'name': 'Apple Books', 'url': 'https://goto.applebooks.apple/9780593422946?at=10lIEQ'}, {'name': 'Barnes and Noble', 'url': 'https://www.anrdoezrs.net/click-7990613-11819508?url=https%3A%2F%2Fwww.barnesandnoble.com%2Fw%2F%3Fean%3D9780593422946'}, {'name': 'Books-A-Million', 'url': 'https://www.anrdoezrs.net/click-7990613-35140?url=https%3A%2F%2Fwww.booksamillion.com%2Fp%2FTHE%2BHEAVEN%2B%2526%2BEARTH%2BGROCERY%2BSTORE%2FJames%2BMcBride%2F9780593422946'}, {'name': 'Bookshop', 'url': 'https://bookshop.org/a/3546/9780593422946'}, {'name': 'IndieBound', 'url': 'https://www.indiebound.org/book/9780593422946?aff=NYT'}]",nyt://book/7d47b076-7ad7-539c-a051-6664384636b9
2023-09-17,7,7,18,0,0,0802162177,9780802162175,Grove,Three generations of a family living on South India’s Malabar Coast suffer the loss of a family member by drowning.,0.00,THE COVENANT OF WATER,Abraham Verghese,by Abraham Verghese,,https://storage.googleapis.com/du-prd/books/images/9780802162175.jpg,320,500,https://www.amazon.com/dp/0802162177?tag=NYTBSREV-20,,,,,,"[{'isbn10': '0802162177', 'isbn13': '9780802162175'}, {'isbn10': '1705070248', 'isbn13': '9781705070246'}, {'isbn10': '1705070221', 'isbn13': '9781705070222'}]","[{'name': 'Amazon', 'url': 'https://www.amazon.com/dp/0802162177?tag=NYTBSREV-20'}, {'name': 'Apple Books', 'url': 'https://goto.applebooks.apple/9780802162175?at=10lIEQ'}, {'name': 'Barnes and Noble', 'url': 'https://www.anrdoezrs.net/click-7990613-11819508?url=https%3A%2F%2Fwww.barnesandnoble.com%2Fw%2F%3Fean%3D9780802162175'}, {'name': 'Books-A-Million', 'url': 'https://www.anrdoezrs.net/click-7990613-35140?url=https%3A%2F%2Fwww.booksamillion.com%2Fp%2FTHE%2BCOVENANT%2BOF%2BWATER%2FAbraham%2BVerghese%2F9780802162175'}, {'name': 'Bookshop', 'url': 'https://bookshop.org/a/3546/9780802162175'}, {'name': 'IndieBound', 'url': 'https://www.indiebound.org/book/9780802162175?aff=NYT'}]",nyt://book/5ebf1d34-4c68-560a-8330-7e65bedaaa1a
2023-09-17,8,0,1,0,0,059353669X,9780593536698,Knopf,"The seventh book in the Girl With the Dragon Tattoo series. When violence disrupts Mikael Blomkvist’s daughter’s marriage, Lisbeth Salander appears to be his last hope.",0.00,THE GIRL IN THE EAGLE'S TALONS,Karin Smirnoff,by Karin Smirnoff,,https://storage.googleapis.com/du-prd/books/images/9780593536698.jpg,335,500,https://www.amazon.com/dp/059353669X?tag=NYTBSREV-20,,,,,,"[{'isbn10': '059353669X', 'isbn13': '9780593536698'}, {'isbn10': '0593536703', 'isbn13': '9780593536704'}]","[{'name': 'Amazon', 'url': 'https://www.amazon.com/dp/059353669X?tag=NYTBSREV-20'}, {'name': 'Apple Books', 'url': 'https://goto.applebooks.apple/9780593536698?at=10lIEQ'}, {'name': 'Barnes and Noble', 'url': 'https://www.anrdoezrs.net/click-7990613-11819508?url=https%3A%2F%2Fwww.barnesandnoble.com%2Fw%2F%3Fean%3D9780593536698'}, {'name': 'Books-A-Million', 'url': 'https://www.anrdoezrs.net/click-7990613-35140?url=https%3A%2F%2Fwww.booksamillion.com%2Fp%2FTHE%2BGIRL%2BIN%2BTHE%2BEAGLE%2527S%2BTALONS%2FKarin%2BSmirnoff%2F9780593536698'}, {'name': 'Bookshop', 'url': 'https://bookshop.org/a/3546/9780593536698'}, {'name': 'IndieBound', 'url': 'https://www.indiebound.org/book/9780593536698?aff=NYT'}]",nyt://book/d100431d-c88a-5f7e-b63c-0c547ea3f49e
2023-09-17,9,8,4,0,0,1982179007,9781982179007,Atria,"After meeting a woman who shares the same birthday, Alix Summer becomes the subject of her own true crime podcast.",0.00,NONE OF THIS IS TRUE,Lisa Jewell,by Lisa Jewell,,https://storage.googleapis.com/du-prd/books/images/9781982179007.jpg,329,500,https://www.amazon.com/dp/1982179007?tag=NYTBSREV-20,,,,,,"[{'isbn10': '1982179007', 'isbn13': '9781982179007'}, {'isbn10': '1982179023', 'isbn13': '9781982179021'}]","[{'name': 'Amazon', 'url': 'https://www.amazon.com/dp/1982179007?tag=NYTBSREV-20'}, {'name': 'Apple Books', 'url': 'https://goto.applebooks.apple/9781982179007?at=10lIEQ'}, {'name': 'Barnes and Noble', 'url': 'https://www.anrdoezrs.net/click-7990613-11819508?url=https%3A%2F%2Fwww.barnesandnoble.com%2Fw%2F%3Fean%3D9781982179007'}, {'name': 'Books-A-Million', 'url': 'https://www.anrdoezrs.net/click-7990613-35140?url=https%3A%2F%2Fwww.booksamillion.com%2Fp%2FNONE%2BOF%2BTHIS%2BIS%2BTRUE%2FLisa%2BJewell%2F9781982179007'}, {'name': 'Bookshop', 'url': 'https://bookshop.org/a/3546/9781982179007'}, {'name': 'IndieBound', 'url': 'https://www.indiebound.org/book/9781982179007?aff=NYT'}]",nyt://book/f0840066-0941-51e8-9487-1ecf6a62d99e
2023-09-17,10,9,3,0,0,0316404896,9780316404891,"Little, Brown","The Eagles’ starting quarterback is murdered and his wife, a Grammy-winning singer, is the prime suspect.",0.00,LION & LAMB,James Patterson and Duane Swierczynski,by James Patterson and Duane Swierczynski,,https://storage.googleapis.com/du-prd/books/images/9780316404891.jpg,322,500,https://www.amazon.com/dp/0316404896?tag=NYTBSREV-20,,,,,,"[{'isbn10': '0316404896', 'isbn13': '9780316404891'}, {'isbn10': '0316404993', 'isbn13': '9780316404990'}]","[{'name': 'Amazon', 'url': 'https://www.amazon.com/dp/0316404896?tag=NYTBSREV-20'}, {'name': 'Apple Books', 'url': 'https://goto.applebooks.apple/9780316404891?at=10lIEQ'}, {'name': 'Barnes and Noble', 'url': 'https://www.anrdoezrs.net/click-7990613-11819508?url=https%3A%2F%2Fwww.barnesandnoble.com%2Fw%2F%3Fean%3D9780316404891'}, {'name': 'Books-A-Million', 'url': 'https://www.anrdoezrs.net/click-7990613-35140?url=https%3A%2F%2Fwww.booksamillion.com%2Fp%2FLION%2B%2526%2BLAMB%2FJames%2BPatterson%2Band%2BDuane%2BSwierczynski%2F9780316404891'}, {'name': 'Bookshop', 'url': 'https://bookshop.org/a/3546/9780316404891'}, {'name': 'IndieBound', 'url': 'https://www.indiebound.org/book/9780316404891?aff=NYT'}]",nyt://book/abaeff13-c919-5345-9608-3df8831cef98
2023-09-17,11,13,48,0,0,0593321200,9780593321201,Knopf,Two friends find their partnership challenged in the world of video game design.,0.00,"TOMORROW, AND TOMORROW, AND TOMORROW",Gabrielle Zevin,by Gabrielle Zevin,,https://storage.googleapis.com/du-prd/books/images/9780593321201.jpg,329,500,https://www.amazon.com/dp/0593321200?tag=NYTBSREV-20,,,,,,"[{'isbn10': '0593321200', 'isbn13': '9780593321201'}, {'isbn10': '0593321219', 'isbn13': '9780593321218'}, {'isbn10': '0593591631', 'isbn13': '9780593591635'}]","[{'name': 'Amazon', 'url': 'https://www.amazon.com/dp/0593321200?tag=NYTBSREV-20'}, {'name': 'Apple Books', 'url': 'https://goto.applebooks.apple/9780593321201?at=10lIEQ'}, {'name': 'Barnes and Noble', 'url': 'https://www.anrdoezrs.net/click-7990613-11819508?url=https%3A%2F%2Fwww.barnesandnoble.com%2Fw%2F%3Fean%3D9780593321201'}, {'name': 'Books-A-Million', 'url': 'https://www.anrdoezrs.net/click-7990613-35140?url=https%3A%2F%2Fwww.booksamillion.com%2Fp%2FTOMORROW%252C%2BAND%2BTOMORROW%252C%2BAND%2BTOMORROW%2FGabrielle%2BZevin%2F9780593321201'}, {'name': 'Bookshop', 'url': 'https://bookshop.org/a/3546/9780593321201'}, {'name': 'IndieBound', 'url': 'https://www.indiebound.org/book/9780593321201?aff=NYT'}]",nyt://book/bc07e3e3-e917-50bb-9439-70118335f40c
2023-09-17,12,0,1,0,0,0593448200,9780593448205,Hogarth,The father and husband of a biracial Korean American family in Virginia goes missing.,0.00,HAPPINESS FALLS,Angie Kim,by Angie Kim,,https://storage.googleapis.com/du-prd/books/images/9780593448205.jpg,329,500,https://www.amazon.com/dp/0593448200?tag=NYTBSREV-20,,,,,,"[{'isbn10': '0593448200', 'isbn13': '9780593448205'}]","[{'name': 'Amazon', 'url': 'https://www.amazon.com/dp/0593448200?tag=NYTBSREV-20'}, {'name': 'Apple Books', 'url': 'https://goto.applebooks.apple/9780593448205?at=10lIEQ'}, {'name': 'Barnes and Noble', 'url': 'https://www.anrdoezrs.net/click-7990613-11819508?url=https%3A%2F%2Fwww.barnesandnoble.com%2Fw%2F%3Fean%3D9780593448205'}, {'name': 'Books-A-Million', 'url': 'https://www.anrdoezrs.net/click-7990613-35140?url=https%3A%2F%2Fwww.booksamillion.com%2Fp%2FHAPPINESS%2BFALLS%2FAngie%2BKim%2F9780593448205'}, {'name': 'Bookshop', 'url': 'https://bookshop.org/a/3546/9780593448205'}, {'name': 'IndieBound', 'url': 'https://www.indiebound.org/book/9780593448205?aff=NYT'}]",nyt://book/41e2f658-c7a2-5d74-89a1-2b6aeb0cf840
2023-09-17,13,11,19,0,0,0593441273,9780593441275,Berkley,A former couple pretend to be together for the sake of their friends during their annual getaway in Maine.,0.00,HAPPY PLACE,Emily Henry,by Emily Henry,,https://storage.googleapis.com/du-prd/books/images/9780593441275.jpg,331,500,https://www.amazon.com/dp/0593441273?tag=NYTBSREV-20,,,,,,"[{'isbn10': '0593441273', 'isbn13': '9780593441275'}, {'isbn10': '0593441206', 'isbn13': '9780593441206'}, {'isbn10': '0593675118', 'isbn13': '9780593675113'}, {'isbn10': '0593740149', 'isbn13': '9780593740149'}]","[{'name': 'Amazon', 'url': 'https://www.amazon.com/dp/0593441273?tag=NYTBSREV-20'}, {'name': 'Apple Books', 'url': 'https://goto.applebooks.apple/9780593441275?at=10lIEQ'}, {'name': 'Barnes and Noble', 'url': 'https://www.anrdoezrs.net/click-7990613-11819508?url=https%3A%2F%2Fwww.barnesandnoble.com%2Fw%2F%3Fean%3D9780593441275'}, {'name': 'Books-A-Million', 'url': 'https://www.anrdoezrs.net/click-7990613-35140?url=https%3A%2F%2Fwww.booksamillion.com%2Fp%2FHAPPY%2BPLACE%2FEmily%2BHenry%2F9780593441275'}, {'name': 'Bookshop', 'url': 'https://bookshop.org/a/3546/9780593441275'}, {'name': 'IndieBound', 'url': 'https://www.indiebound.org/book/9780593441275?aff=NYT'}]",nyt://book/9ab3a59a-e572-5452-ae0c-eedeadb05831
2023-09-17,14,12,3,0,0,1250892465,9781250892461,Tor,A real estate agent who also is a vampire seeks the help of a medium to extricate the ghost who is haunting the house she needs to sell.,0.00,MASTERS OF DEATH,Olivie Blake,by Olivie Blake,,https://storage.googleapis.com/du-prd/books/images/9781250892461.jpg,324,500,https://www.amazon.com/dp/1250892465?tag=NYTBSREV-20,,,,,,"[{'isbn10': '1250892465', 'isbn13': '9781250892461'}]","[{'name': 'Amazon', 'url': 'https://www.amazon.com/dp/1250892465?tag=NYTBSREV-20'}, {'name': 'Apple Books', 'url': 'https://goto.applebooks.apple/9781250892461?at=10lIEQ'}, {'name': 'Barnes and Noble', 'url': 'https://www.anrdoezrs.net/click-7990613-11819508?url=https%3A%2F%2Fwww.barnesandnoble.com%2Fw%2F%3Fean%3D9781250892461'}, {'name': 'Books-A-Million', 'url': 'https://www.anrdoezrs.net/click-7990613-35140?url=https%3A%2F%2Fwww.booksamillion.com%2Fp%2FMASTERS%2BOF%2BDEATH%2FOlivie%2BBlake%2F9781250892461'}, {'name': 'Bookshop', 'url': 'https://bookshop.org/a/3546/9781250892461'}, {'name': 'IndieBound', 'url': 'https://www.indiebound.org/book/9781250892461?aff=NYT'}]",nyt://book/f87c3311-04cd-547c-91cf-b240fa74d3fe
2023-09-17,15,15,24,0,0,0063204150,9780063204157,Ecco,A widow working the night shift at the Sowell Bay Aquarium is aided in solving a mystery by a giant Pacific octopus living there.,0.00,REMARKABLY BRIGHT CREATURES,Shel Van Pelt,by Shelby Van Pelt,,https://storage.googleapis.com/du-prd/books/images/9780063204157.jpg,329,500,https://www.amazon.com/dp/0063204150?tag=NYTBSREV-20,,,,,,"[{'isbn10': '0063204150', 'isbn13': '9780063204157'}, {'isbn10': '0063204185', 'isbn13': '9780063204188'}, {'isbn10': '0063204169', 'isbn13': '9780063204164'}]","[{'name': 'Amazon', 'url': 'https://www.amazon.com/dp/0063204150?tag=NYTBSREV-20'}, {'name': 'Apple Books', 'url': 'https://goto.applebooks.apple/9780063204157?at=10lIEQ'}, {'name': 'Barnes and Noble', 'url': 'https://www.anrdoezrs.net/click-7990613-11819508?url=https%3A%2F%2Fwww.barnesandnoble.com%2Fw%2F%3Fean%3D9780063204157'}, {'name': 'Books-A-Million', 'url': 'https://www.anrdoezrs.net/click-7990613-35140?url=https%3A%2F%2Fwww.booksamillion.com%2Fp%2FREMARKABLY%2BBRIGHT%2BCREATURES%2FShel%2BVan%2BPelt%2F9780063204157'}, {'name': 'Bookshop', 'url': 'https://bookshop.org/a/3546/9780063204157'}, {'name': 'IndieBound', 'url': 'https://www.indiebound.org/book/9780063204157?aff=NYT'}]",nyt://book/206a5e83-12f4-5ea9-8e63-1da5470a6ef5
2023-09-24,1,0,1,0,0,1668016133,9781668016138,Scribner,The private detective Holly Gibney investigates whether a married pair of octogenarian academics had anything to do with Bonnie Dahl’s disappearance.,0.00,HOLLY,Stephen King,by Stephen King,,https://storage.googleapis.com/du-prd/books/images/9781668016138.jpg,327,500,https://www.amazon.com/dp/1668016133?tag=NYTBSREV-20,,,,,,"[{'isbn10': '1668016133', 'isbn13': '9781668016138'}, {'isbn10': '1668014955', 'isbn13': '9781668014950'}]","[{'name': 'Amazon', 'url': 'https://www.amazon.com/dp/1668016133?tag=NYTBSREV-20'}, {'name': 'Apple Books', 'url': 'https://goto.applebooks.apple/9781668016138?at=10lIEQ'}, {'name': 'Barnes and Noble', 'url': 'https://www.anrdoezrs.net/click-7990613-11819508?url=https%3A%2F%2Fwww.barnesandnoble.com%2Fw%2F%3Fean%3D9781668016138'}, {'name': 'Books-A-Million', 'url': 'https://www.anrdoezrs.net/click-7990613-35140?url=https%3A%2F%2Fwww.booksamillion.com%2Fp%2FHOLLY%2FStephen%2BKing%2F9781668016138'}, {'name': 'Bookshop', 'url': 'https://bookshop.org/a/3546/9781668016138'}, {'name': 'IndieBound', 'url': 'https://www.indiebound.org/book/9781668016138?aff=NYT'}]",nyt://book/24a09504-4f13-5e38-a4a0-f6b8978e5ca7
2023-09-24,2,1,18,0,0,1649374046,9781649374042,Red Tower,"Violet Sorrengail is urged by the commanding general, who also is her mother, to become a candidate for the elite dragon riders.",0.00,FOURTH WING,Rebecca Yarros,by Rebecca Yarros,,https://storage.googleapis.com/du-prd/books/images/9781649374042.jpg,309,500,https://www.amazon.com/dp/1649374046?tag=NYTBSREV-20,,,,,,"[{'isbn10': '1649374046', 'isbn13': '9781649374042'}, {'isbn10': '1649374089', 'isbn13': '9781649374080'}, {'isbn10': '1705085059', 'isbn13': '9781705085059'}, {'isbn10': '1705085032', 'isbn13': '9781705085035'}]","[{'name': 'Amazon', 'url': 'https://www.amazon.com/dp/1649374046?tag=NYTBSREV-20'}, {'name': 'Apple Books', 'url': 'https://goto.applebooks.apple/9781649374042?at=10lIEQ'}, {'name': 'Barnes and Noble', 'url': 'https://www.anrdoezrs.net/click-7990613-11819508?url=https%3A%2F%2Fwww.barnesandnoble.com%2Fw%2F%3Fean%3D9781649374042'}, {'name': 'Books-A-Million', 'url': 'https://www.anrdoezrs.net/click-7990613-35140?url=https%3A%2F%2Fwww.booksamillion.com%2Fp%2FFOURTH%2BWING%2FRebecca%2BYarros%2F9781649374042'}, {'name': 'Bookshop', 'url': 'https://bookshop.org/a/3546/9781649374042'}, {'name': 'IndieBound', 'url': 'https://www.indiebound.org/book/9781649374042?aff=NYT'}]",nyt://book/106c2cf0-7d20-51b1-bad4-91c3ebcd131a
2023-09-24,3,0,1,0,0,1250284090,9781250284099,St. Martin's,The 57th book of the In Death series. Eve Dallas looks into the death of an internal affairs captain.,0.00,PAYBACK IN DEATH,J.D. Robb,by J.D. Robb,,https://storage.googleapis.com/du-prd/books/images/9781250284099.jpg,329,500,https://www.amazon.com/dp/1250284090?tag=NYTBSREV-20,,,,,,"[{'isbn10': '1250284090', 'isbn13': '9781250284099'}, {'isbn10': '1250284104', 'isbn13': '9781250284105'}]","[{'name': 'Amazon', 'url': 'https://www.amazon.com/dp/1250284090?tag=NYTBSREV-20'}, {'name': 'Apple Books', 'url': 'https://goto.applebooks.apple/9781250284099?at=10lIEQ'}, {'name': 'Barnes and Noble', 'url': 'https://www.anrdoezrs.net/click-7990613-11819508?url=https%3A%2F%2Fwww.barnesandnoble.com%2Fw%2F%3Fean%3D9781250284099'}, {'name': 'Books-A-Million', 'url': 'https://www.anrdoezrs.net/click-7990613-35140?url=https%3A%2F%2Fwww.booksamillion.com%2Fp%2FPAYBACK%2BIN%2BDEATH%2FJ.D.%2BRobb%2F9781250284099'}, {'name': 'Bookshop', 'url': 'https://bookshop.org/a/3546/9781250284099'}, {'name': 'IndieBound', 'url': 'https://www.indiebound.org/book/9781250284099?aff=NYT'}]",nyt://book/07352477-277c-5e66-93af-32c37926ccbe
2023-09-24,4,2,6,0,0,006332752X,9780063327528,Harper,"Three daughters, who return to their family orchard in the spring of 2020, learn about their mother’s relationship with a famous actor.",0.00,TOM LAKE,Ann Patchett,by Ann Patchett,,https://storage.googleapis.com/du-prd/books/images/9780063327528.jpg,331,500,https://www.amazon.com/dp/006332752X?tag=NYTBSREV-20,,,,,,"[{'isbn10': '006332752X', 'isbn13': '9780063327528'}, {'isbn10': '0063327546', 'isbn13': '9780063327542'}]","[{'name': 'Amazon', 'url': 'https://www.amazon.com/dp/006332752X?tag=NYTBSREV-20'}, {'name': 'Apple Books', 'url': 'https://goto.applebooks.apple/9780063327528?at=10lIEQ'}, {'name': 'Barnes and Noble', 'url': 'https://www.anrdoezrs.net/click-7990613-11819508?url=https%3A%2F%2Fwww.barnesandnoble.com%2Fw%2F%3Fean%3D9780063327528'}, {'name': 'Books-A-Million', 'url': 'https://www.anrdoezrs.net/click-7990613-35140?url=https%3A%2F%2Fwww.booksamillion.com%2Fp%2FTOM%2BLAKE%2FAnn%2BPatchett%2F9780063327528'}, {'name': 'Bookshop', 'url': 'https://bookshop.org/a/3546/9780063327528'}, {'name': 'IndieBound', 'url': 'https://www.indiebound.org/book/9780063327528?aff=NYT'}]",nyt://book/2430a2de-ff8f-5a25-88f8-50bd8137fa92
2023-09-24,5,0,1,0,0,198217921X,9781982179212,Atria,Suspicions and accusations complicate a sheriff’s investigation of a wealthy landowner’s murder in a small Minnesota town in 1958.,0.00,THE RIVER WE REMEMBER,William Kent Krueger,by William Kent Krueger,,https://storage.googleapis.com/du-prd/books/images/9781982179212.jpg,331,500,https://www.amazon.com/dp/198217921X?tag=NYTBSREV-20,,,,,,"[{'isbn10': '198217921X', 'isbn13': '9781982179212'}, {'isbn10': '1982179236', 'isbn13': '9781982179236'}]","[{'name': 'Amazon', 'url': 'https://www.amazon.com/dp/198217921X?tag=NYTBSREV-20'}, {'name': 'Apple Books', 'url': 'https://goto.applebooks.apple/9781982179212?at=10lIEQ'}, {'name': 'Barnes and Noble', 'url': 'https://www.anrdoezrs.net/click-7990613-11819508?url=https%3A%2F%2Fwww.barnesandnoble.com%2Fw%2F%3Fean%3D9781982179212'}, {'name': 'Books-A-Million', 'url': 'https://www.anrdoezrs.net/click-7990613-35140?url=https%3A%2F%2Fwww.booksamillion.com%2Fp%2FTHE%2BRIVER%2BWE%2BREMEMBER%2FWilliam%2BKent%2BKrueger%2F9781982179212'}, {'name': 'Bookshop', 'url': 'https://bookshop.org/a/3546/9781982179212'}, {'name': 'IndieBound', 'url': 'https://www.indiebound.org/book/9781982179212?aff=NYT'}]",nyt://book/4b74319c-f0d4-5bcc-a5a2-774c893d7e07
2023-09-24,6,3,70,0,0,038554734X,9780385547345,Doubleday,A scientist and single mother living in California in the 1960s becomes a star on a TV cooking show.,0.00,LESSONS IN CHEMISTRY,Bonnie Garmus,by Bonnie Garmus,,https://storage.googleapis.com/du-prd/books/images/9780385547345.jpg,328,500,https://www.amazon.com/dp/038554734X?tag=NYTBSREV-20,,,,,,"[{'isbn10': '038554734X', 'isbn13': '9780385547345'}, {'isbn10': '0593507533', 'isbn13': '9780593507537'}, {'isbn10': '0385547374', 'isbn13': '9780385547376'}, {'isbn10': '0593862406', 'isbn13': '9780593862407'}]","[{'name': 'Amazon', 'url': 'https://www.amazon.com/dp/038554734X?tag=NYTBSREV-20'}, {'name': 'Apple Books', 'url': 'https://goto.applebooks.apple/9780385547345?at=10lIEQ'}, {'name': 'Barnes and Noble', 'url': 'https://www.anrdoezrs.net/click-7990613-11819508?url=https%3A%2F%2Fwww.barnesandnoble.com%2Fw%2F%3Fean%3D9780385547345'}, {'name': 'Books-A-Million', 'url': 'https://www.anrdoezrs.net/click-7990613-35140?url=https%3A%2F%2Fwww.booksamillion.com%2Fp%2FLESSONS%2BIN%2BCHEMISTRY%2FBonnie%2BGarmus%2F9780385547345'}, {'name': 'Bookshop', 'url': 'https://bookshop.org/a/3546/9780385547345'}, {'name': 'IndieBound', 'url': 'https://www.indiebound.org/book/9780385547345?aff=NYT'}]",nyt://book/717e0ead-9782-567d-af27-d9a6cfb1856f
2023-09-24,7,4,45,0,0,0063251922,9780063251922,Harper,Winner of a 2023 Pulitzer Prize for fiction. A reimagining of Charles Dickens’s “David Copperfield” set in the mountains of southern Appalachia.,0.00,DEMON COPPERHEAD,Barbara Kingsolver,by Barbara Kingsolver,,https://storage.googleapis.com/du-prd/books/images/9780063251922.jpg,329,500,https://www.amazon.com/dp/0063251922?tag=NYTBSREV-20,,,,,,"[{'isbn10': '0063251922', 'isbn13': '9780063251922'}, {'isbn10': '006325199X', 'isbn13': '9780063251991'}, {'isbn10': '0063251981', 'isbn13': '9780063251984'}]","[{'name': 'Amazon', 'url': 'https://www.amazon.com/dp/0063251922?tag=NYTBSREV-20'}, {'name': 'Apple Books', 'url': 'https://goto.applebooks.apple/9780063251922?at=10lIEQ'}, {'name': 'Barnes and Noble', 'url': 'https://www.anrdoezrs.net/click-7990613-11819508?url=https%3A%2F%2Fwww.barnesandnoble.com%2Fw%2F%3Fean%3D9780063251922'}, {'name': 'Books-A-Million', 'url': 'https://www.anrdoezrs.net/click-7990613-35140?url=https%3A%2F%2Fwww.booksamillion.com%2Fp%2FDEMON%2BCOPPERHEAD%2FBarbara%2BKingsolver%2F9780063251922'}, {'name': 'Bookshop', 'url': 'https://bookshop.org/a/3546/9780063251922'}, {'name': 'IndieBound', 'url': 'https://www.indiebound.org/book/9780063251922?aff=NYT'}]",nyt://book/dd6e4f9d-d082-552d-b888-7276a25b5aca
2023-09-24,8,0,1,0,0,0525558969,9780525558965,Penguin Press,"In 1873, a Scottish housekeeper to a once-famous novelist is captivated by a trial in which a lower-class butcher from Australia claims to be the rightful heir of a sizable estate and title.",0.00,THE FRAUD,Zadie Smith,by Zadie Smith,,https://storage.googleapis.com/du-prd/books/images/9780525558965.jpg,329,500,https://www.amazon.com/dp/0525558969?tag=NYTBSREV-20,,,,,,"[{'isbn10': '0525558969', 'isbn13': '9780525558965'}]","[{'name': 'Amazon', 'url': 'https://www.amazon.com/dp/0525558969?tag=NYTBSREV-20'}, {'name': 'Apple Books', 'url': 'https://goto.applebooks.apple/9780525558965?at=10lIEQ'}, {'name': 'Barnes and Noble', 'url': 'https://www.anrdoezrs.net/click-7990613-11819508?url=https%3A%2F%2Fwww.barnesandnoble.com%2Fw%2F%3Fean%3D9780525558965'}, {'name': 'Books-A-Million', 'url': 'https://www.anrdoezrs.net/click-7990613-35140?url=https%3A%2F%2Fwww.booksamillion.com%2Fp%2FTHE%2BFRAUD%2FZadie%2BSmith%2F9780525558965'}, {'name': 'Bookshop', 'url': 'https://bookshop.org/a/3546/9780525558965'}, {'name': 'IndieBound', 'url': 'https://www.indiebound.org/book/9780525558965?aff=NYT'}]",nyt://book/04a6f61b-5333-5fd9-8373-c388f0b3000d
2023-09-24,9,6,5,0,0,0593422945,9780593422946,Riverhead,Secrets held by the residents of a dilapidated neighborhood come to life when a skeleton is found at the bottom of a well.,0.00,THE HEAVEN & EARTH GROCERY STORE,James McBride,by James McBride,,https://storage.googleapis.com/du-prd/books/images/9780593422946.jpg,331,500,https://www.amazon.com/dp/0593422945?tag=NYTBSREV-20,,,,,,"[{'isbn10': '0593422945', 'isbn13': '9780593422946'}, {'isbn10': '0593422961', 'isbn13': '9780593422960'}, {'isbn10': '0593684125', 'isbn13': '9780593684122'}, {'isbn10': '0593684141', 'isbn13': '9780593684146'}]","[{'name': 'Amazon', 'url': 'https://www.amazon.com/dp/0593422945?tag=NYTBSREV-20'}, {'name': 'Apple Books', 'url': 'https://goto.applebooks.apple/9780593422946?at=10lIEQ'}, {'name': 'Barnes and Noble', 'url': 'https://www.anrdoezrs.net/click-7990613-11819508?url=https%3A%2F%2Fwww.barnesandnoble.com%2Fw%2F%3Fean%3D9780593422946'}, {'name': 'Books-A-Million', 'url': 'https://www.anrdoezrs.net/click-7990613-35140?url=https%3A%2F%2Fwww.booksamillion.com%2Fp%2FTHE%2BHEAVEN%2B%2526%2BEARTH%2BGROCERY%2BSTORE%2FJames%2BMcBride%2F9780593422946'}, {'name': 'Bookshop', 'url': 'https://bookshop.org/a/3546/9780593422946'}, {'name': 'IndieBound', 'url': 'https://www.indiebound.org/book/9780593422946?aff=NYT'}]",nyt://book/7d47b076-7ad7-539c-a051-6664384636b9
2023-09-24,10,7,19,0,0,0802162177,9780802162175,Grove,Three generations of a family living on South India’s Malabar Coast suffer the loss of a family member by drowning.,0.00,THE COVENANT OF WATER,Abraham Verghese,by Abraham Verghese,,https://storage.googleapis.com/du-prd/books/images/9780802162175.jpg,320,500,https://www.amazon.com/dp/0802162177?tag=NYTBSREV-20,,,,,,"[{'isbn10': '0802162177', 'isbn13': '9780802162175'}, {'isbn10': '1705070248', 'isbn13': '9781705070246'}, {'isbn10': '1705070221', 'isbn13': '9781705070222'}]","[{'name': 'Amazon', 'url': 'https://www.amazon.com/dp/0802162177?tag=NYTBSREV-20'}, {'name': 'Apple Books', 'url': 'https://goto.applebooks.apple/9780802162175?at=10lIEQ'}, {'name': 'Barnes and Noble', 'url': 'https://www.anrdoezrs.net/click-7990613-11819508?url=https%3A%2F%2Fwww.barnesandnoble.com%2Fw%2F%3Fean%3D9780802162175'}, {'name': 'Books-A-Million', 'url': 'https://www.anrdoezrs.net/click-7990613-35140?url=https%3A%2F%2Fwww.booksamillion.com%2Fp%2FTHE%2BCOVENANT%2BOF%2BWATER%2FAbraham%2BVerghese%2F9780802162175'}, {'name': 'Bookshop', 'url': 'https://bookshop.org/a/3546/9780802162175'}, {'name': 'IndieBound', 'url': 'https://www.indiebound.org/book/9780802162175?aff=NYT'}]",nyt://book/5ebf1d34-4c68-560a-8330-7e65bedaaa1a
2023-09-24,11,0,1,0,0,0593422813,9780593422816,Putnam,Jack Ryan Jr. witnesses a professional hit and gets caught up in the cold case of a college student who vanished.,0.00,TOM CLANCY: WEAPONS GRADE,Don Bentley,by Don Bentley,,https://storage.googleapis.com/du-prd/books/images/9780593422816.jpg,332,500,https://www.amazon.com/dp/0593422813?tag=NYTBSREV-20,,,,,,"[{'isbn10': '0593422813', 'isbn13': '9780593422816'}, {'isbn10': '0593422821', 'isbn13': '9780593422823'}]","[{'name': 'Amazon', 'url': 'https://www.amazon.com/dp/0593422813?tag=NYTBSREV-20'}, {'name': 'Apple Books', 'url': 'https://goto.applebooks.apple/9780593422816?at=10lIEQ'}, {'name': 'Barnes and Noble', 'url': 'https://www.anrdoezrs.net/click-7990613-11819508?url=https%3A%2F%2Fwww.barnesandnoble.com%2Fw%2F%3Fean%3D9780593422816'}, {'name': 'Books-A-Million', 'url': 'https://www.anrdoezrs.net/click-7990613-35140?url=https%3A%2F%2Fwww.booksamillion.com%2Fp%2FTOM%2BCLANCY%253A%2BWEAPONS%2BGRADE%2FDon%2BBentley%2F9780593422816'}, {'name': 'Bookshop', 'url': 'https://bookshop.org/a/3546/9780593422816'}, {'name': 'IndieBound', 'url': 'https://www.indiebound.org/book/9780593422816?aff=NYT'}]",nyt://book/322ba51f-7bbe-50e6-98ef-4f53670c1940
2023-09-24,12,0,1,0,0,0593297318,9780593297315,Viking,The 19th book in the Longmire series. A rifle connected to a cold case once belonged to Walt’s grandfather.,0.00,THE LONGMIRE DEFENSE,Craig Johnson,by Craig Johnson,,https://storage.googleapis.com/du-prd/books/images/9780593297315.jpg,331,500,https://www.amazon.com/dp/0593297318?tag=NYTBSREV-20,,,,,,"[{'isbn10': '0593297318', 'isbn13': '9780593297315'}, {'isbn10': '0593297326', 'isbn13': '9780593297322'}]","[{'name': 'Amazon', 'url': 'https://www.amazon.com/dp/0593297318?tag=NYTBSREV-20'}, {'name': 'Apple Books', 'url': 'https://goto.applebooks.apple/9780593297315?at=10lIEQ'}, {'name': 'Barnes and Noble', 'url': 'https://www.anrdoezrs.net/click-7990613-11819508?url=https%3A%2F%2Fwww.barnesandnoble.com%2Fw%2F%3Fean%3D9780593297315'}, {'name': 'Books-A-Million', 'url': 'https://www.anrdoezrs.net/click-7990613-35140?url=https%3A%2F%2Fwww.booksamillion.com%2Fp%2FTHE%2BLONGMIRE%2BDEFENSE%2FCraig%2BJohnson%2F9780593297315'}, {'name': 'Bookshop', 'url': 'https://bookshop.org/a/3546/9780593297315'}, {'name': 'IndieBound', 'url': 'https://www.indiebound.org/book/9780593297315?aff=NYT'}]",nyt://book/6ec8213a-3902-569d-9830-9d319e755d2c
2023-09-24,13,0,1,0,0,1368090133,9781368090131,Hyperion Avenue,A fictional memoir that appears in the movie “Ant-Man and the Wasp: Quantumania.”,0.00,LOOK OUT FOR THE LITTLE GUY!,Scott Lang with Rob Kutner,by Scott Lang with Rob Kutner,,https://storage.googleapis.com/du-prd/books/images/9781368090131.jpg,334,500,https://www.amazon.com/dp/1368090133?tag=NYTBSREV-20,,,,,,"[{'isbn10': '1368090133', 'isbn13': '9781368090131'}]","[{'name': 'Amazon', 'url': 'https://www.amazon.com/dp/1368090133?tag=NYTBSREV-20'}, {'name': 'Apple Books', 'url': 'https://goto.applebooks.apple/9781368090131?at=10lIEQ'}, {'name': 'Barnes and Noble', 'url': 'https://www.anrdoezrs.net/click-7990613-11819508?url=https%3A%2F%2Fwww.barnesandnoble.com%2Fw%2F%3Fean%3D9781368090131'}, {'name': 'Books-A-Million', 'url': 'https://www.anrdoezrs.net/click-7990613-35140?url=https%3A%2F%2Fwww.booksamillion.com%2Fp%2FLOOK%2BOUT%2BFOR%2BTHE%2BLITTLE%2BGUY%2521%2FScott%2BLang%2Bwith%2BRob%2BKutner%2F9781368090131'}, {'name': 'Bookshop', 'url': 'https://bookshop.org/a/3546/9781368090131'}, {'name': 'IndieBound', 'url': 'https://www.indiebound.org/book/9781368090131?aff=NYT'}]",nyt://book/75578b80-68c0-56a8-bd5b-efbd9e9dfe65
2023-09-24,14,0,1,0,0,1250857015,9781250857019,Holt,A 45-year-old woman determines to remind others of how they once perceived her.,0.00,AMAZING GRACE ADAMS,Fran Littlewood,by Fran Littlewood,,https://storage.googleapis.com/du-prd/books/images/9781250857019.jpg,329,500,https://www.amazon.com/dp/1250857015?tag=NYTBSREV-20,,,,,,"[{'isbn10': '1250857015', 'isbn13': '9781250857019'}, {'isbn10': '1250334152', 'isbn13': '9781250334152'}]","[{'name': 'Amazon', 'url': 'https://www.amazon.com/dp/1250857015?tag=NYTBSREV-20'}, {'name': 'Apple Books', 'url': 'https://goto.applebooks.apple/9781250857019?at=10lIEQ'}, {'name': 'Barnes and Noble', 'url': 'https://www.anrdoezrs.net/click-7990613-11819508?url=https%3A%2F%2Fwww.barnesandnoble.com%2Fw%2F%3Fean%3D9781250857019'}, {'name': 'Books-A-Million', 'url': 'https://www.anrdoezrs.net/click-7990613-35140?url=https%3A%2F%2Fwww.booksamillion.com%2Fp%2FAMAZING%2BGRACE%2BADAMS%2FFran%2BLittlewood%2F9781250857019'}, {'name': 'Bookshop', 'url': 'https://bookshop.org/a/3546/9781250857019'}, {'name': 'IndieBound', 'url': 'https://www.indiebound.org/book/9781250857019?aff=NYT'}]",nyt://book/452133c7-eea7-5683-91c0-67adcd488c8a
2023-09-24,15,5,2,0,0,1668033429,9781668033425,Atria,"As her wedding to a man she met at a childhood weight-loss camp approaches, Abby goes on a cycling trip to Niagara Falls in a group that includes an old fling.",0.00,THE BREAKAWAY,Jennifer Weiner,by Jennifer Weiner,,https://storage.googleapis.com/du-prd/books/images/9781668033425.jpg,329,500,https://www.amazon.com/dp/1668033429?tag=NYTBSREV-20,,,,,,"[{'isbn10': '1668033429', 'isbn13': '9781668033425'}, {'isbn10': '1668033445', 'isbn13': '9781668033449'}]","[{'name': 'Amazon', 'url': 'https://www.amazon.com/dp/1668033429?tag=NYTBSREV-20'}, {'name': 'Apple Books', 'url': 'https://goto.applebooks.apple/9781668033425?at=10lIEQ'}, {'name': 'Barnes and Noble', 'url': 'https://www.anrdoezrs.net/click-7990613-11819508?url=https%3A%2F%2Fwww.barnesandnoble.com%2Fw%2F%3Fean%3D9781668033425'}, {'name': 'Books-A-Million', 'url': 'https://www.anrdoezrs.net/click-7990613-35140?url=https%3A%2F%2Fwww.booksamillion.com%2Fp%2FTHE%2BBREAKAWAY%2FJennifer%2BWeiner%2F9781668033425'}, {'name': 'Bookshop', 'url': 'https://bookshop.org/a/3546/9781668033425'}, {'name': 'IndieBound', 'url': 'https://www.indiebound.org/book/9781668033425?aff=NYT'}]",nyt://book/6ba5e702-5f6b-51fc-b156-d722c8e74c0c
2023-10-01,1,1,2,0,0,1668016133,9781668016138,Scribner,The private detective Holly Gibney investigates whether a married pair of octogenarian academics had anything to do with Bonnie Dahl’s disappearance.,0.00,HOLLY,Stephen King,by Stephen King,,https://storage.googleapis.com/du-prd/books/images/9781668016138.jpg,327,500,https://www.amazon.com/dp/1668016133?tag=NYTBSREV-20,,,,,,"[{'isbn10': '1668016133', 'isbn13': '9781668016138'}, {'isbn10': '1668014955', 'isbn13': '9781668014950'}]","[{'name': 'Amazon', 'url': 'https://www.amazon.com/dp/1668016133?tag=NYTBSREV-20'}, {'name': 'Apple Books', 'url': 'https://goto.applebooks.apple/9781668016138?at=10lIEQ'}, {'name': 'Barnes and Noble', 'url': 'https://www.anrdoezrs.net/click-7990613-11819508?url=https%3A%2F%2Fwww.barnesandnoble.com%2Fw%2F%3Fean%3D9781668016138'}, {'name': 'Books-A-Million', 'url': 'https://www.anrdoezrs.net/click-7990613-35140?url=https%3A%2F%2Fwww.booksamillion.com%2Fp%2FHOLLY%2FStephen%2BKing%2F9781668016138'}, {'name': 'Bookshop', 'url': 'https://bookshop.org/a/3546/9781668016138'}, {'name': 'IndieBound', 'url': 'https://www.indiebound.org/book/9781668016138?aff=NYT'}]",nyt://book/24a09504-4f13-5e38-a4a0-f6b8978e5ca7
2023-10-01,2,2,19,0,0,1649374046,9781649374042,Red Tower,"Violet Sorrengail is urged by the commanding general, who also is her mother, to become a candidate for the elite dragon riders.",0.00,FOURTH WING,Rebecca Yarros,by Rebecca Yarros,,https://storage.googleapis.com/du-prd/books/images/9781649374042.jpg,309,500,https://www.amazon.com/dp/1649374046?tag=NYTBSREV-20,,,,,,"[{'isbn10': '1649374046', 'isbn13': '9781649374042'}, {'isbn10': '1649374089', 'isbn13': '9781649374080'}, {'isbn10': '1705085059', 'isbn13': '9781705085059'}, {'isbn10': '1705085032', 'isbn13': '9781705085035'}]","[{'name': 'Amazon', 'url': 'https://www.amazon.com/dp/1649374046?tag=NYTBSREV-20'}, {'name': 'Apple Books', 'url': 'https://goto.applebooks.apple/9781649374042?at=10lIEQ'}, {'name': 'Barnes and Noble', 'url': 'https://www.anrdoezrs.net/click-7990613-11819508?url=https%3A%2F%2Fwww.barnesandnoble.com%2Fw%2F%3Fean%3D9781649374042'}, {'name': 'Books-A-Million', 'url': 'https://www.anrdoezrs.net/click-7990613-35140?url=https%3A%2F%2Fwww.booksamillion.com%2Fp%2FFOURTH%2BWING%2FRebecca%2BYarros%2F9781649374042'}, {'name': 'Bookshop', 'url': 'https://bookshop.org/a/3546/9781649374042'}, {'name': 'IndieBound', 'url': 'https://www.indiebound.org/book/9781649374042?aff=NYT'}]",nyt://book/106c2cf0-7d20-51b1-bad4-91c3ebcd131a
2023-10-01,3,0,1,0,0,1982164999,9781982164997,Atria/Emily Bestler,The 22nd book in the Mitch Rapp series. Rapp and his team try to foil a plot by Russia without being discovered.,0.00,VINCE FLYNN: CODE RED,Kyle Mills,by Kyle Mills,,https://storage.googleapis.com/du-prd/books/images/9781982164997.jpg,329,500,https://www.amazon.com/dp/1982164999?tag=NYTBSREV-20,,,,,,"[{'isbn10': '1982164999', 'isbn13': '9781982164997'}, {'isbn10': '1982165022', 'isbn13': '9781982165024'}]","[{'name': 'Amazon', 'url': 'https://www.amazon.com/dp/1982164999?tag=NYTBSREV-20'}, {'name': 'Apple Books', 'url': 'https://goto.applebooks.apple/9781982164997?at=10lIEQ'}, {'name': 'Barnes and Noble', 'url': 'https://www.anrdoezrs.net/click-7990613-11819508?url=https%3A%2F%2Fwww.barnesandnoble.com%2Fw%2F%3Fean%3D9781982164997'}, {'name': 'Books-A-Million', 'url': 'https://www.anrdoezrs.net/click-7990613-35140?url=https%3A%2F%2Fwww.booksamillion.com%2Fp%2FVINCE%2BFLYNN%253A%2BCODE%2BRED%2FKyle%2BMills%2F9781982164997'}, {'name': 'Bookshop', 'url': 'https://bookshop.org/a/3546/9781982164997'}, {'name': 'IndieBound', 'url': 'https://www.indiebound.org/book/9781982164997?aff=NYT'}]",nyt://book/89c2b16d-16dc-5c79-901e-8c2b02e9ea53
2023-10-01,4,4,7,0,0,006332752X,9780063327528,Harper,"Three daughters, who return to their family orchard in the spring of 2020, learn about their mother’s relationship with a famous actor.",0.00,TOM LAKE,Ann Patchett,by Ann Patchett,,https://storage.googleapis.com/du-prd/books/images/9780063327528.jpg,331,500,https://www.amazon.com/dp/006332752X?tag=NYTBSREV-20,,,,,,"[{'isbn10': '006332752X', 'isbn13': '9780063327528'}, {'isbn10': '0063327546', 'isbn13': '9780063327542'}]","[{'name': 'Amazon', 'url': 'https://www.amazon.com/dp/006332752X?tag=NYTBSREV-20'}, {'name': 'Apple Books', 'url': 'https://goto.applebooks.apple/9780063327528?at=10lIEQ'}, {'name': 'Barnes and Noble', 'url': 'https://www.anrdoezrs.net/click-7990613-11819508?url=https%3A%2F%2Fwww.barnesandnoble.com%2Fw%2F%3Fean%3D9780063327528'}, {'name': 'Books-A-Million', 'url': 'https://www.anrdoezrs.net/click-7990613-35140?url=https%3A%2F%2Fwww.booksamillion.com%2Fp%2FTOM%2BLAKE%2FAnn%2BPatchett%2F9780063327528'}, {'name': 'Bookshop', 'url': 'https://bookshop.org/a/3546/9780063327528'}, {'name': 'IndieBound', 'url': 'https://www.indiebound.org/book/9780063327528?aff=NYT'}]",nyt://book/2430a2de-ff8f-5a25-88f8-50bd8137fa92
2023-10-01,5,6,71,0,0,038554734X,9780385547345,Doubleday,A scientist and single mother living in California in the 1960s becomes a star on a TV cooking show.,0.00,LESSONS IN CHEMISTRY,Bonnie Garmus,by Bonnie Garmus,,https://storage.googleapis.com/du-prd/books/images/9780385547345.jpg,328,500,https://www.amazon.com/dp/038554734X?tag=NYTBSREV-20,,,,,,"[{'isbn10': '038554734X', 'isbn13': '9780385547345'}, {'isbn10': '0593507533', 'isbn13': '9780593507537'}, {'isbn10': '0385547374', 'isbn13': '9780385547376'}, {'isbn10': '0593862406', 'isbn13': '9780593862407'}]","[{'name': 'Amazon', 'url': 'https://www.amazon.com/dp/038554734X?tag=NYTBSREV-20'}, {'name': 'Apple Books', 'url': 'https://goto.applebooks.apple/9780385547345?at=10lIEQ'}, {'name': 'Barnes and Noble', 'url': 'https://www.anrdoezrs.net/click-7990613-11819508?url=https%3A%2F%2Fwww.barnesandnoble.com%2Fw%2F%3Fean%3D9780385547345'}, {'name': 'Books-A-Million', 'url': 'https://www.anrdoezrs.net/click-7990613-35140?url=https%3A%2F%2Fwww.booksamillion.com%2Fp%2FLESSONS%2BIN%2BCHEMISTRY%2FBonnie%2BGarmus%2F9780385547345'}, {'name': 'Bookshop', 'url': 'https://bookshop.org/a/3546/9780385547345'}, {'name': 'IndieBound', 'url': 'https://www.indiebound.org/book/9780385547345?aff=NYT'}]",nyt://book/717e0ead-9782-567d-af27-d9a6cfb1856f
2023-10-01,6,0,1,0,0,1250750199,9781250750198,Bramble,"In a world where only nine cities were spared divine destruction, Calista must decide whether to follow her intuition to safety or court calamity by pursuing a love.",0.00,FALL OF RUIN AND WRATH,Jennifer L. Armentrout,by Jennifer L. Armentrout,,https://storage.googleapis.com/du-prd/books/images/9781250750198.jpg,333,500,https://www.amazon.com/dp/1250750199?tag=NYTBSREV-20,,,,,,"[{'isbn10': '1250750199', 'isbn13': '9781250750198'}, {'isbn10': '1250750180', 'isbn13': '9781250750181'}]","[{'name': 'Amazon', 'url': 'https://www.amazon.com/dp/1250750199?tag=NYTBSREV-20'}, {'name': 'Apple Books', 'url': 'https://goto.applebooks.apple/9781250750198?at=10lIEQ'}, {'name': 'Barnes and Noble', 'url': 'https://www.anrdoezrs.net/click-7990613-11819508?url=https%3A%2F%2Fwww.barnesandnoble.com%2Fw%2F%3Fean%3D9781250750198'}, {'name': 'Books-A-Million', 'url': 'https://www.anrdoezrs.net/click-7990613-35140?url=https%3A%2F%2Fwww.booksamillion.com%2Fp%2FFALL%2BOF%2BRUIN%2BAND%2BWRATH%2FJennifer%2BL.%2BArmentrout%2F9781250750198'}, {'name': 'Bookshop', 'url': 'https://bookshop.org/a/3546/9781250750198'}, {'name': 'IndieBound', 'url': 'https://www.indiebound.org/book/9781250750198?aff=NYT'}]",nyt://book/0be10fbc-a05f-5433-9379-46ec76b71cb3
2023-10-01,7,7,46,0,0,0063251922,9780063251922,Harper,Winner of a 2023 Pulitzer Prize for fiction. A reimagining of Charles Dickens’s “David Copperfield” set in the mountains of southern Appalachia.,0.00,DEMON COPPERHEAD,Barbara Kingsolver,by Barbara Kingsolver,,https://storage.googleapis.com/du-prd/books/images/9780063251922.jpg,329,500,https://www.amazon.com/dp/0063251922?tag=NYTBSREV-20,,,,,,"[{'isbn10': '0063251922', 'isbn13': '9780063251922'}, {'isbn10': '006325199X', 'isbn13': '9780063251991'}, {'isbn10': '0063251981', 'isbn13': '9780063251984'}]","[{'name': 'Amazon', 'url': 'https://www.amazon.com/dp/0063251922?tag=NYTBSREV-20'}, {'name': 'Apple Books', 'url': 'https://goto.applebooks.apple/9780063251922?at=10lIEQ'}, {'name': 'Barnes and Noble', 'url': 'https://www.anrdoezrs.net/click-7990613-11819508?url=https%3A%2F%2Fwww.barnesandnoble.com%2Fw%2F%3Fean%3D9780063251922'}, {'name': 'Books-A-Million', 'url': 'https://www.anrdoezrs.net/click-7990613-35140?url=https%3A%2F%2Fwww.booksamillion.com%2Fp%2FDEMON%2BCOPPERHEAD%2FBarbara%2BKingsolver%2F9780063251922'}, {'name': 'Bookshop', 'url': 'https://bookshop.org/a/3546/9780063251922'}, {'name': 'IndieBound', 'url': 'https://www.indiebound.org/book/9780063251922?aff=NYT'}]",nyt://book/dd6e4f9d-d082-552d-b888-7276a25b5aca
2023-10-01,8,0,1,0,0,0593418395,9780593418390,Riverhead,"A servant girl, who escapes with almost nothing from a colonial settlement, finds the beliefs she learned are tested.",0.00,THE VASTER WILDS,Lauren Groff,by Lauren Groff,,https://storage.googleapis.com/du-prd/books/images/9780593418390.jpg,331,500,https://www.amazon.com/dp/0593418395?tag=NYTBSREV-20,,,,,,"[{'isbn10': '0593418395', 'isbn13': '9780593418390'}, {'isbn10': '0593418417', 'isbn13': '9780593418413'}]","[{'name': 'Amazon', 'url': 'https://www.amazon.com/dp/0593418395?tag=NYTBSREV-20'}, {'name': 'Apple Books', 'url': 'https://goto.applebooks.apple/9780593418390?at=10lIEQ'}, {'name': 'Barnes and Noble', 'url': 'https://www.anrdoezrs.net/click-7990613-11819508?url=https%3A%2F%2Fwww.barnesandnoble.com%2Fw%2F%3Fean%3D9780593418390'}, {'name': 'Books-A-Million', 'url': 'https://www.anrdoezrs.net/click-7990613-35140?url=https%3A%2F%2Fwww.booksamillion.com%2Fp%2FTHE%2BVASTER%2BWILDS%2FLauren%2BGroff%2F9780593418390'}, {'name': 'Bookshop', 'url': 'https://bookshop.org/a/3546/9780593418390'}, {'name': 'IndieBound', 'url': 'https://www.indiebound.org/book/9780593418390?aff=NYT'}]",nyt://book/f8cbc4ec-b17d-579c-bc21-e84056636f3d
2023-10-01,9,10,20,0,0,0802162177,9780802162175,Grove,Three generations of a family living on South India’s Malabar Coast suffer the loss of a family member by drowning.,0.00,THE COVENANT OF WATER,Abraham Verghese,by Abraham Verghese,,https://storage.googleapis.com/du-prd/books/images/9780802162175.jpg,320,500,https://www.amazon.com/dp/0802162177?tag=NYTBSREV-20,,,,,,"[{'isbn10': '0802162177', 'isbn13': '9780802162175'}, {'isbn10': '1705070248', 'isbn13': '9781705070246'}, {'isbn10': '1705070221', 'isbn13': '9781705070222'}]","[{'name': 'Amazon', 'url': 'https://www.amazon.com/dp/0802162177?tag=NYTBSREV-20'}, {'name': 'Apple Books', 'url': 'https://goto.applebooks.apple/9780802162175?at=10lIEQ'}, {'name': 'Barnes and Noble', 'url': 'https://www.anrdoezrs.net/click-7990613-11819508?url=https%3A%2F%2Fwww.barnesandnoble.com%2Fw%2F%3Fean%3D9780802162175'}, {'name': 'Books-A-Million', 'url': 'https://www.anrdoezrs.net/click-7990613-35140?url=https%3A%2F%2Fwww.booksamillion.com%2Fp%2FTHE%2BCOVENANT%2BOF%2BWATER%2FAbraham%2BVerghese%2F9780802162175'}, {'name': 'Bookshop', 'url': 'https://bookshop.org/a/3546/9780802162175'}, {'name': 'IndieBound', 'url': 'https://www.indiebound.org/book/9780802162175?aff=NYT'}]",nyt://book/5ebf1d34-4c68-560a-8330-7e65bedaaa1a
2023-10-01,10,9,6,0,0,0593422945,9780593422946,Riverhead,Secrets held by the residents of a dilapidated neighborhood come to life when a skeleton is found at the bottom of a well.,0.00,THE HEAVEN & EARTH GROCERY STORE,James McBride,by James McBride,,https://storage.googleapis.com/du-prd/books/images/9780593422946.jpg,331,500,https://www.amazon.com/dp/0593422945?tag=NYTBSREV-20,,,,,,"[{'isbn10': '0593422945', 'isbn13': '9780593422946'}, {'isbn10': '0593422961', 'isbn13': '9780593422960'}, {'isbn10': '0593684125', 'isbn13': '9780593684122'}, {'isbn10': '0593684141', 'isbn13': '9780593684146'}]","[{'name': 'Amazon', 'url': 'https://www.amazon.com/dp/0593422945?tag=NYTBSREV-20'}, {'name': 'Apple Books', 'url': 'https://goto.applebooks.apple/9780593422946?at=10lIEQ'}, {'name': 'Barnes and Noble', 'url': 'https://www.anrdoezrs.net/click-7990613-11819508?url=https%3A%2F%2Fwww.barnesandnoble.com%2Fw%2F%3Fean%3D9780593422946'}, {'name': 'Books-A-Million', 'url': 'https://www.anrdoezrs.net/click-7990613-35140?url=https%3A%2F%2Fwww.booksamillion.com%2Fp%2FTHE%2BHEAVEN%2B%2526%2BEARTH%2BGROCERY%2BSTORE%2FJames%2BMcBride%2F9780593422946'}, {'name': 'Bookshop', 'url': 'https://bookshop.org/a/3546/9780593422946'}, {'name': 'IndieBound', 'url': 'https://www.indiebound.org/book/9780593422946?aff=NYT'}]",nyt://book/7d47b076-7ad7-539c-a051-6664384636b9
2023-10-01,11,8,2,0,0,0525558969,9780525558965,Penguin Press,"In 1873, a Scottish housekeeper to a once-famous novelist is captivated by a trial in which a lower-class butcher from Australia claims to be the rightful heir of a sizable estate and title.",0.00,THE FRAUD,Zadie Smith,by Zadie Smith,,https://storage.googleapis.com/du-prd/books/images/9780525558965.jpg,329,500,https://www.amazon.com/dp/0525558969?tag=NYTBSREV-20,,,,,,"[{'isbn10': '0525558969', 'isbn13': '9780525558965'}]","[{'name': 'Amazon', 'url': 'https://www.amazon.com/dp/0525558969?tag=NYTBSREV-20'}, {'name': 'Apple Books', 'url': 'https://goto.applebooks.apple/9780525558965?at=10lIEQ'}, {'name': 'Barnes and Noble', 'url': 'https://www.anrdoezrs.net/click-7990613-11819508?url=https%3A%2F%2Fwww.barnesandnoble.com%2Fw%2F%3Fean%3D9780525558965'}, {'name': 'Books-A-Million', 'url': 'https://www.anrdoezrs.net/click-7990613-35140?url=https%3A%2F%2Fwww.booksamillion.com%2Fp%2FTHE%2BFRAUD%2FZadie%2BSmith%2F9780525558965'}, {'name': 'Bookshop', 'url': 'https://bookshop.org/a/3546/9780525558965'}, {'name': 'IndieBound', 'url': 'https://www.indiebound.org/book/9780525558965?aff=NYT'}]",nyt://book/04a6f61b-5333-5fd9-8373-c388f0b3000d
2023-10-01,12,3,2,0,0,1250284090,9781250284099,St. Martin's,The 57th book of the In Death series. Eve Dallas looks into the death of an internal affairs captain.,0.00,PAYBACK IN DEATH,J.D. Robb,by J.D. Robb,,https://storage.googleapis.com/du-prd/books/images/9781250284099.jpg,329,500,https://www.amazon.com/dp/1250284090?tag=NYTBSREV-20,,,,,,"[{'isbn10': '1250284090', 'isbn13': '9781250284099'}, {'isbn10': '1250284104', 'isbn13': '9781250284105'}]","[{'name': 'Amazon', 'url': 'https://www.amazon.com/dp/1250284090?tag=NYTBSREV-20'}, {'name': 'Apple Books', 'url': 'https://goto.applebooks.apple/9781250284099?at=10lIEQ'}, {'name': 'Barnes and Noble', 'url': 'https://www.anrdoezrs.net/click-7990613-11819508?url=https%3A%2F%2Fwww.barnesandnoble.com%2Fw%2F%3Fean%3D9781250284099'}, {'name': 'Books-A-Million', 'url': 'https://www.anrdoezrs.net/click-7990613-35140?url=https%3A%2F%2Fwww.booksamillion.com%2Fp%2FPAYBACK%2BIN%2BDEATH%2FJ.D.%2BRobb%2F9781250284099'}, {'name': 'Bookshop', 'url': 'https://bookshop.org/a/3546/9781250284099'}, {'name': 'IndieBound', 'url': 'https://www.indiebound.org/book/9781250284099?aff=NYT'}]",nyt://book/07352477-277c-5e66-93af-32c37926ccbe
2023-10-01,13,0,1,0,0,0063335778,9780063335776,Morrow,"In 1942 London, 18-year-old Nellie Morris has a chance encounter with an American airman.",0.00,NINETEEN STEPS,Millie Bob Brown with Kathleen McGurl,by Millie Bobby Brown with Kathleen McGurl,,https://storage.googleapis.com/du-prd/books/images/9780063335776.jpg,331,500,https://www.amazon.com/dp/0063335778?tag=NYTBSREV-20,,,,,,"[{'isbn10': '0063335778', 'isbn13': '9780063335776'}]","[{'name': 'Amazon', 'url': 'https://www.amazon.com/dp/0063335778?tag=NYTBSREV-20'}, {'name': 'Apple Books', 'url': 'https://goto.applebooks.apple/9780063335776?at=10lIEQ'}, {'name': 'Barnes and Noble', 'url': 'https://www.anrdoezrs.net/click-7990613-11819508?url=https%3A%2F%2Fwww.barnesandnoble.com%2Fw%2F%3Fean%3D9780063335776'}, {'name': 'Books-A-Million', 'url': 'https://www.anrdoezrs.net/click-7990613-35140?url=https%3A%2F%2Fwww.booksamillion.com%2Fp%2FNINETEEN%2BSTEPS%2FMillie%2BBob%2BBrown%2Bwith%2BKathleen%2BMcGurl%2F9780063335776'}, {'name': 'Bookshop', 'url': 'https://bookshop.org/a/3546/9780063335776'}, {'name': 'IndieBound', 'url': 'https://www.indiebound.org/book/9780063335776?aff=NYT'}]",nyt://book/96fbe324-d621-560b-a3e4-d3753e9c187c
2023-10-01,14,0,1,0,0,0063315041,9780063315044,Morrow,"When her granddaughter finds a dead body while kayaking, a convalescing Los Angeles businesswoman tries to uncover the truth.",0.00,MOTHER-DAUGHTER MURDER NIGHT,Nina Simon,by Nina Simon,,https://storage.googleapis.com/du-prd/books/images/9780063315044.jpg,331,500,https://www.amazon.com/dp/0063315041?tag=NYTBSREV-20,,,,,,"[{'isbn10': '0063315041', 'isbn13': '9780063315044'}]","[{'name': 'Amazon', 'url': 'https://www.amazon.com/dp/0063315041?tag=NYTBSREV-20'}, {'name': 'Apple Books', 'url': 'https://goto.applebooks.apple/9780063315044?at=10lIEQ'}, {'name': 'Barnes and Noble', 'url': 'https://www.anrdoezrs.net/click-7990613-11819508?url=https%3A%2F%2Fwww.barnesandnoble.com%2Fw%2F%3Fean%3D9780063315044'}, {'name': 'Books-A-Million', 'url': 'https://www.anrdoezrs.net/click-7990613-35140?url=https%3A%2F%2Fwww.booksamillion.com%2Fp%2FMOTHER-DAUGHTER%2BMURDER%2BNIGHT%2FNina%2BSimon%2F9780063315044'}, {'name': 'Bookshop', 'url': 'https://bookshop.org/a/3546/9780063315044'}, {'name': 'IndieBound', 'url': 'https://www.indiebound.org/book/9780063315044?aff=NYT'}]",nyt://book/eafbbcd2-4aee-57d6-b447-00e9855bc0de
2023-10-01,15,5,2,0,0,198217921X,9781982179212,Atria,Suspicions and accusations complicate a sheriff’s investigation of a wealthy landowner’s murder in a small Minnesota town in 1958.,0.00,THE RIVER WE REMEMBER,William Kent Krueger,by William Kent Krueger,,https://storage.googleapis.com/du-prd/books/images/9781982179212.jpg,331,500,https://www.amazon.com/dp/198217921X?tag=NYTBSREV-20,,,,,,"[{'isbn10': '198217921X', 'isbn13': '9781982179212'}, {'isbn10': '1982179236', 'isbn13': '9781982179236'}]","[{'name': 'Amazon', 'url': 'https://www.amazon.com/dp/198217921X?tag=NYTBSREV-20'}, {'name': 'Apple Books', 'url': 'https://goto.applebooks.apple/9781982179212?at=10lIEQ'}, {'name': 'Barnes and Noble', 'url': 'https://www.anrdoezrs.net/click-7990613-11819508?url=https%3A%2F%2Fwww.barnesandnoble.com%2Fw%2F%3Fean%3D9781982179212'}, {'name': 'Books-A-Million', 'url': 'https://www.anrdoezrs.net/click-7990613-35140?url=https%3A%2F%2Fwww.booksamillion.com%2Fp%2FTHE%2BRIVER%2BWE%2BREMEMBER%2FWilliam%2BKent%2BKrueger%2F9781982179212'}, {'name': 'Bookshop', 'url': 'https://bookshop.org/a/3546/9781982179212'}, {'name': 'IndieBound', 'url': 'https://www.indiebound.org/book/9781982179212?aff=NYT'}]",nyt://book/4b74319c-f0d4-5bcc-a5a2-774c893d7e07
